Cn1c2c(c(=O)[nH]c1=O)n(c(n2)N1CCOCC1)CCO	ZINC00192102
Cn1c2c(c(=O)[nH]c1=O)n(c(n2)NC1CCCCC1)C[C@@H](CO)O	ZINC00352329
Cn1c2c(c(=O)[nH]c1=O)n(c(n2)NC1CCCCC1)C[C@H](CO)O	ZINC00352330
Cn1c2c(c(=O)[nH]c1=O)n(c(n2)NCc1ccco1)CCO	ZINC00541399
Cn1c2c(c(=O)[nH]c1=O)n(c(n2)N1CCOCC1)C[C@H](COc1ccc(cc1)Cl)O	ZINC00625892
Cn1c2c(c(=O)[nH]c1=O)n(c(n2)NCCc1ccccc1)C[C@@H](COc1ccc(cc1)OC)O	ZINC00625969
Cn1c2c(c(=O)[nH]c1=O)n(c(n2)NCCc1ccccc1)C[C@H](COc1ccc(cc1)OC)O	ZINC00625974
Cn1c2c(c(=O)[nH]c1=O)n(c(n2)NCCc1ccccc1)C[C@@H](COc1ccccc1)O	ZINC00626019
Cn1c2c(c(=O)[nH]c1=O)n(c(n2)NCCc1ccccc1)C[C@H](COc1ccccc1)O	ZINC00626022
Cn1c2c(c(=O)[nH]c1=O)n(c(n2)NCCc1ccccc1)C[C@@H](CO)O	ZINC00626068
Cn1c2c(c(=O)[nH]c1=O)n(c(n2)NCCc1ccccc1)C[C@H](CO)O	ZINC00626070
Cc1ccccc1OC[C@@H](Cn1c2c(=O)[nH]c(=O)n(c2nc1NCCc1ccccc1)C)O	ZINC00626142
Cc1ccccc1OC[C@H](Cn1c2c(=O)[nH]c(=O)n(c2nc1NCCc1ccccc1)C)O	ZINC00626144
Cn1c2c(c(=O)[nH]c1=O)n(c(n2)NCCc1ccccc1)C[C@@H](COc1ccc(cc1)Cl)O	ZINC00626181
Cn1c2c(c(=O)[nH]c1=O)n(c(n2)NCCc1ccccc1)C[C@H](COc1ccc(cc1)Cl)O	ZINC00626183
Cn1c2c(c(=O)[nH]c1=O)n(c(n2)NCc1ccco1)CCCc1ccccc1	ZINC00629148
Cn1c2c(c(=O)[nH]c1=O)n(c(n2)N1CC[N@H+](CC1)C)C[C@H](COc1ccccc1)O	ZINC00633243
Cn1c2c(c(=O)[nH]c1=O)n(c(n2)N(C)CCO)Cc1ccccc1Cl	ZINC00634527
Cn1c2c(c(=O)[nH]c1=O)n(c(n2)N1CCOCC1)C[C@@H](COc1ccc(cc1)Cl)O	ZINC00828754
Cc1ccccc1OC[C@@H](Cn1c2c(nc1N1CCOCC1)n(c(=O)[nH]c2=O)C)O	ZINC00850885
Cc1ccccc1OC[C@H](Cn1c2c(=O)[nH]c(=O)n(c2nc1N1CCOCC1)C)O	ZINC00850886
Cn1c2c(c(=O)[nH]c1=O)n(c(n2)N1CC[N@H+](CC1)C)C[C@@H](COc1ccccc1)O	ZINC00850894
Cn1c2c(c(=O)[nH]c1=O)n(c(n2)N1CCOCC1)C[C@@H](COc1ccc(cc1Cl)Cl)O	ZINC00974983
Cn1c2c(c(=O)[nH]c1=O)n(c(n2)N1CCOCC1)C[C@H](COc1ccc(cc1Cl)Cl)O	ZINC00974984
Cn1c2c(c(=O)[nH]c1=O)n(c(n2)N1CCOCC1)C[C@@H](COc1cccc2c1cccc2)O	ZINC00975386
Cn1c2c(c(=O)[nH]c1=O)n(c(n2)N1CCOCC1)C[C@H](COc1cccc2c1cccc2)O	ZINC00975387
c1[nH]c(=O)c2c(n1)n(c(n2)N1CC[NH2+]CC1)[C@@H]1[C@@H]([C@H]([C@H](O1)CO)O)O	ZINC01081587
C[C@H]1CCN(CC1)c1nc2c(=O)[nH]cnc2n1[C@H]1[C@@H]([C@@H]([C@@H](O1)CO)O)O	ZINC01081597
Cn1c2c(c(=O)[nH]c1=O)n(c(n2)N1CCCCC1)C[C@@H](CO)O	ZINC01279220
C[C@]1([C@H]([C@@H]([C@@](O1)(C)n1c2c(c(=O)[nH]cn2)nc1N1CCOCC1)O)O)CO	ZINC01457719
[C@@H]([C@H]([C@@H](C(=O)[O-])O)O)([C@@H](C(=O)[O-])O)O	ZINC01532740
[C@@H]([C@H]([C@H](C(=O)[O-])O)O)([C@H](C(=O)[O-])O)O	ZINC01549593
C(CC(=O)N)[C@@H](C(=O)NCC(=O)[O-])[NH3+]	ZINC01581634
C(CC(=O)[O-])[C@@H](C(=O)N[C@@H](CO)C(=O)[O-])[NH3+]	ZINC01763954
Cn1c2c(c(=O)[nH]c1=O)n(c(n2)NCCCn1ccnc1)C[C@@H](COc1ccc(cc1)OC)O	ZINC01770939
Cn1c2c(c(=O)[nH]c1=O)n(c(n2)NCCCO)Cc1ccccc1Cl	ZINC01827407
CCCCNc1nc2c(n1C[C@@H](COc1ccc(cc1)OC)O)c(=O)[nH]c(=O)n2C	ZINC01835187
CCCCNc1nc2c(n1C[C@H](COc1ccc(cc1)OC)O)c(=O)[nH]c(=O)n2C	ZINC01835188
Cn1c2c(c(=O)[nH]c1=O)n(c(n2)NCCCOC)C[C@@H](COc1ccccc1)O	ZINC01839906
Cn1c2c(c(=O)[nH]c1=O)n(c(n2)NCCCOC)C[C@H](COc1ccccc1)O	ZINC01839907
Cc1ccccc1OC[C@@H](Cn1c2c(=O)[nH]c(=O)n(c2nc1NCCCOC)C)O	ZINC01840584
Cc1ccccc1OC[C@H](Cn1c2c(=O)[nH]c(=O)n(c2nc1NCCCOC)C)O	ZINC01840585
CCCCCn1c2c(=O)[nH]c(=O)n(c2nc1N1CCN(CC1)C(=O)c1ccco1)C	ZINC01860082
CCOCCn1c2c(=O)[nH]c(=O)n(c2nc1NCc1ccc(cc1)OC)C	ZINC01863426
[C@H]([C@H]([C@@H](C(=O)[O-])O)O)([C@@H](C(=O)[O-])O)O	ZINC02013424
CC(C)[N@H+]1CCN(CC1)c1nc2c(=O)[nH]c(nc2n1[C@H]1[C@@H]([C@@H]([C@@H](O1)CO)O)O)N	ZINC02024313
c1ccc(cc1)CNc1nc2c(=O)[nH]c(nc2n1[C@@H]1[C@H]([C@H]([C@@H](O1)CO)O)O)N	ZINC02124517
C[N@@H+]1CCN(CC1)c1nc2c(=O)[nH]cnc2n1[C@@H]1[C@H]([C@H]([C@@H](O1)CO)O)O	ZINC02151124
Cn1c2c(c(=O)[nH]c1=O)n(c(n2)NCCCO)CC(=O)c1ccccc1	ZINC02199487
Cc1cccc(c1)OC[C@H](Cn1c2c(=O)[nH]c(=O)n(c2nc1NCCCOC(C)C)C)O	ZINC02202013
COCCNC(=O)c1c2c(nc3ccccc3n2)n(c1N)c1ccc(c(c1)C(=O)[O-])O	ZINC02204415
CCOc1ccc(cc1OCC)CCNC(=O)c1c2c(nc3ccccc3n2)n(c1N)Cc1ccco1	ZINC02254342
Cn1c2c(c(=O)[nH]c1=O)n(c(n2)NCCCO)C[C@@H](COc1ccccc1)O	ZINC02258800
Cn1c2c(c(=O)[nH]c1=O)n(c(n2)NCCCO)C[C@H](COc1ccccc1)O	ZINC02258801
Cc1cccc(c1)n1c(c(c2c1nc1ccccc1n2)C(=O)NCCc1ccc(cc1)OC)N	ZINC02283329
COc1ccc(cc1OC)CCNC(=O)c1c2c(nc3ccccc3n2)n(c1N)Cc1ccco1	ZINC02285196
Cc1ccc(cc1)n1c(c(c2c1nc1ccccc1n2)C(=O)NCCc1ccc(cc1)OC)N	ZINC02286836
COc1ccc(cc1OC)CCn1c(c(c2c1nc1ccccc1n2)C(=O)NCc1ccccc1)N	ZINC02290438
COc1ccc(c(c1)n1c(c(c2c1nc1ccccc1n2)C(=O)NCCc1ccccc1)N)OC	ZINC02290795
COc1ccc(cc1OC)CCn1c(c(c2c1nc1ccccc1n2)C(=O)NCc1ccco1)N	ZINC02291676
COc1ccc(cc1)CCn1c(c(c2c1nc1ccccc1n2)C(=O)NCc1ccco1)N	ZINC02291753
CCCCNC(=O)c1c2c(nc3ccccc3n2)n(c1N)c1ccc(cc1)OC	ZINC02296915
COCCCNC(=O)c1c2c(nc3ccccc3n2)n(c1N)c1cc(ccc1OC)OC	ZINC02301478
CCCCOc1ccc(cc1)n1c(c(c2c1nc1ccccc1n2)C(=O)NCCOC)N	ZINC02303346
CCOc1ccccc1n1c(c(c2c1nc1ccccc1n2)C(=O)NCCOC)N	ZINC02309619
CCc1ccc(cc1)n1c(c(c2c1nc1ccccc1n2)C(=O)NCCc1ccc(cc1)OC)N	ZINC02310257
CCCCNC(=O)c1c2c(nc3ccccc3n2)n(c1N)c1cccc(c1)OC	ZINC02310273
CCCCc1ccc(cc1)n1c(c(c2c1nc1ccccc1n2)C(=O)NCCc1ccc(cc1)OC)N	ZINC02310757
CCOc1ccc(cc1)n1c(c(c2c1nc1ccccc1n2)C(=O)NCCOC)N	ZINC02312272
Cn1c2c(c(=O)n(c1=O)C)n(c(n2)NCCC[NH+](C)C)Cc1cc(ccc1Cl)OC	ZINC02331886
CCOCCCNC(=O)c1c2c(nc3ccccc3n2)n(c1N)c1ccc(cc1OC)OC	ZINC02335255
CCCNc1nc2c(n1C[C@@H](COc1cccc(c1)C)O)c(=O)n(c(=O)n2C)C	ZINC02336432
CCCNc1nc2c(n1C[C@H](COc1cccc(c1)C)O)c(=O)n(c(=O)n2C)C	ZINC02336434
Cn1c2c(c(=O)[nH]c1=O)n(c(n2)NCCCO)CCc1ccc(cc1)OC	ZINC02336590
CCCNC(=O)c1c2c(nc3ccccc3n2)n(c1N)c1cccc(c1)OC	ZINC02359274
Cn1c2c(c(=O)n(c1=O)C)n(c(n2)NCCCO)Cc1cc(ccc1Cl)OC	ZINC02359491
CCCNC(=O)c1c2c(nc3ccccc3n2)n(c1N)c1ccc(cc1)OC	ZINC02371732
Cn1c2c(c(=O)[nH]c1=O)n(c(n2)N1CC[N@H+](CC1)C)C[C@@H](c1ccccc1)O	ZINC02380521
Cn1c2c(c(=O)[nH]c1=O)n(c(n2)N1CC[N@H+](CC1)C)C[C@H](c1ccccc1)O	ZINC02380525
CCCNC(=O)c1c2c(nc3ccccc3n2)n(c1N)c1cc(ccc1OC)OC	ZINC02389981
CCCNC(=O)c1c2c(nc3ccccc3n2)n(c1N)c1ccc(cc1OC)OC	ZINC02395599
CCCNc1nc2c(n1C[C@@H](COc1ccccc1)O)c(=O)n(c(=O)n2C)C	ZINC02408672
CCCNc1nc2c(n1C[C@H](COc1ccccc1)O)c(=O)n(c(=O)n2C)C	ZINC02408673
Cn1c2c(c(=O)[nH]c1=O)n(c(n2)NCCCO)CCOc1ccccc1	ZINC02411286
CCCNC(=O)c1c2c(nc3ccccc3n2)n(c1N)c1cc(ccc1OC)C	ZINC02437843
CCOCCCNC(=O)c1c2c(nc3ccccc3n2)n(c1N)c1cc(ccc1OC)OC	ZINC02438190
Cn1c2c(c(=O)[nH]c1=O)n(c(n2)NCCO)C[C@@H](COc1ccc(cc1)Cl)O	ZINC02475335
Cn1c2c(c(=O)[nH]c1=O)n(c(n2)NCCO)C[C@H](COc1ccc(cc1)Cl)O	ZINC02475336
Cn1c2c(c(=O)[nH]c1=O)n(c(n2)NCCCO)Cc1ccc(cc1)Cl	ZINC02485213
C(C[C@@H](C(=O)N[C@@H](CC(=O)[O-])C(=O)[O-])[NH3+])C[NH3+]	ZINC02522561
Cn1c2c(c(=O)n(c1=O)C)n(c(n2)NCCCO)C[C@@H](COc1ccccc1)O	ZINC02701961
Cn1c2c(c(=O)n(c1=O)C)n(c(n2)NCCCO)C[C@H](COc1ccccc1)O	ZINC02701963
CCCCn1c2c(=O)[nH]c(=O)n(c2nc1NCCc1ccc(c(c1)OC)OC)C	ZINC03212986
CCCCN(c1c(n(c(=O)[nH]c1=O)CCC)N)C(=O)[C@H]1CC(=O)N(C1)c1ccc2c(c1)OCCO2	ZINC03328298
CCCCN(c1c(n(c(=O)[nH]c1=O)CCC)N)C(=O)[C@@H]1CC(=O)N(C1)c1ccc2c(c1)OCCO2	ZINC03328300
Cc1c2ccccc2oc1C(=O)N(Cc1ccccc1)c1c(n(c(=O)[nH]c1=O)CCOC)N	ZINC03345953
CCCCN(c1c(n(c(=O)[nH]c1=O)CCC)N)C(=O)c1cc2ccccc2o1	ZINC03435234
CCCCn1c(c(c(=O)[nH]c1=O)N(CC)C(=O)c1cc2ccccc2o1)N	ZINC03486528
CCCCn1c(c(c(=O)[nH]c1=O)N(CC)C(=O)Cc1coc2c1ccc(c2)OC)N	ZINC03528723
[C@H]([C@H]([C@H](C(=O)[O-])O)O)([C@H](C(=O)[O-])O)O	ZINC03581021
[C@H]([C@@H]([C@@H](C(=O)[O-])O)O)([C@@H](C(=O)[O-])O)O	ZINC03860635
C[N@H+]1CCN(CC1)c1nc2c(=O)[nH]cnc2n1[C@H]1[C@H]([C@@H]([C@@H](O1)CO)O)O	ZINC03898167
[C@H]([C@H]([C@@H](C(=O)[O-])O)O)([C@H](C(=O)[O-])O)O	ZINC03940374
C[C@H]1CCN(CC1)c1nc2c(=O)[nH]cnc2n1[C@@H]1[C@@H]([C@@H]([C@@H](O1)CO)O)O	ZINC03984111
C[C@@H]1CCN(CC1)c1nc2c(=O)[nH]cnc2n1[C@@H]1[C@H]([C@@H]([C@@H](O1)CO)O)O	ZINC03984112
C[C@@H]1CCN(CC1)c1nc2c(=O)[nH]cnc2n1[C@H]1[C@H]([C@@H]([C@@H](O1)CO)O)O	ZINC03984113
C[C@@H]1CCN(CC1)c1nc2c(ncnc2n1[C@H]1[C@@H]([C@@H]([C@H](O1)CO)O)O)N	ZINC03999089
c1[nH]c(=O)c2c(n1)n(c(n2)N1CCCCC1)[C@@H]1[C@@H]([C@@H]([C@@H](O1)CO)O)O	ZINC04018108
c1[nH]c(=O)c2c(n1)n(c(n2)N1CCCCC1)[C@H]1[C@@H]([C@@H]([C@@H](O1)CO)O)O	ZINC04018109
c1[nH]c(=O)c2c(n1)n(c(n2)N1CCCCC1)[C@@H]1[C@H]([C@@H]([C@@H](O1)CO)O)O	ZINC04018110
c1[nH]c(=O)c2c(n1)n(c(n2)N1CCCCC1)[C@H]1[C@H]([C@@H]([C@@H](O1)CO)O)O	ZINC04018111
Cc1cccc(c1)OC[C@@H](Cn1c2c(=O)[nH]c(=O)n(c2nc1NCCCOC)C)O	ZINC04038233
Cc1cccc(c1)OC[C@H](Cn1c2c(=O)[nH]c(=O)n(c2nc1NCCCOC)C)O	ZINC04038235
Cc1ccc(cc1)OC[C@@H](Cn1c2c(=O)[nH]c(=O)n(c2nc1NCCc1ccccc1)C)O	ZINC04038237
Cc1ccc(cc1)OC[C@H](Cn1c2c(=O)[nH]c(=O)n(c2nc1NCCc1ccccc1)C)O	ZINC04038239
Cn1c2c(c(=O)[nH]c1=O)n(c(n2)NCc1ccco1)CCc1ccc(cc1)OC	ZINC04038332
Cn1c2c(c(=O)n(c1=O)C)n(c(n2)NCCNC(=O)c1ccco1)Cc1ccc(cc1Cl)Cl	ZINC04039475
CCCCCCNc1nc2c(n1C[C@@H](CO)O)c(=O)[nH]c(=O)n2C	ZINC04095256
CCCCCCNc1nc2c(n1C[C@H](CO)O)c(=O)[nH]c(=O)n2C	ZINC04095257
c1ccc(cc1)CNc1nc2c(=O)[nH]c(nc2n1[C@@H]1[C@@H]([C@@H]([C@@H](O1)CO)O)O)N	ZINC04100242
c1ccc(cc1)CNc1nc2c(=O)[nH]c(nc2n1[C@H]1[C@@H]([C@@H]([C@@H](O1)CO)O)O)N	ZINC04100246
c1ccc(cc1)CNc1nc2c(=O)[nH]c(nc2n1[C@@H]1[C@H]([C@@H]([C@@H](O1)CO)O)O)N	ZINC04100250
c1ccc(cc1)CNc1nc2c(=O)[nH]c(nc2n1[C@H]1[C@H]([C@@H]([C@@H](O1)CO)O)O)N	ZINC04100253
Cn1c2c(c(=O)n(c1=O)C)n(c(n2)NCCNC(=O)c1ccco1)Cc1ccccc1Cl	ZINC04102989
Cc1ccccc1OC[C@@H](Cn1c2c(nc1NCCCO)n(c(=O)n(c2=O)C)C)O	ZINC04135779
Cc1ccccc1OC[C@H](Cn1c2c(nc1NCCCO)n(c(=O)n(c2=O)C)C)O	ZINC04135780
CCCNc1nc2c(n1C[C@@H](COc1ccccc1C)O)c(=O)n(c(=O)n2C)C	ZINC04135784
CCCNc1nc2c(n1C[C@H](COc1ccccc1C)O)c(=O)n(c(=O)n2C)C	ZINC04135785
Cn1c2c(c(=O)[nH]c1=O)n(c(n2)N1CCOCC1)C[C@@H](c1ccccc1)O	ZINC04170274
Cn1c2c(c(=O)[nH]c1=O)n(c(n2)N1CCOCC1)C[C@H](c1ccccc1)O	ZINC04170275
c1cc(oc1)C(=O)N1CC[C@@H](C[C@H]1C(=O)NCCC(=O)N)NC(=O)c1cnccn1	ZINC04221729
CC(C)[N@@H+]1CCN(CC1)c1nc2c(n1[C@@H]1[C@@H]([C@@H]([C@@H](O1)CO)O)O)nc([nH]c2=O)N	ZINC04256217
CC(C)[N@@H+]1CCN(CC1)c1nc2c(n1[C@@H]1[C@H]([C@@H]([C@@H](O1)CO)O)O)nc([nH]c2=O)N	ZINC04256218
CC(C)[N@@H+]1CCN(CC1)c1nc2c(n1[C@H]1[C@H]([C@@H]([C@@H](O1)CO)O)O)nc([nH]c2=O)N	ZINC04256219
c1[nH]c(=O)c2c(n1)n(c(n2)N1CCOCC1)[C@@H]1[C@@H]([C@@H]([C@@H](O1)CO)O)O	ZINC04257481
c1[nH]c(=O)c2c(n1)n(c(n2)N1CCOCC1)[C@@H]1[C@H]([C@@H]([C@@H](O1)CO)O)O	ZINC04257483
c1[nH]c(=O)c2c(n1)n(c(n2)N1CCOCC1)[C@H]1[C@H]([C@@H]([C@@H](O1)CO)O)O	ZINC04257484
Cn1c2c(c(=O)[nH]c1=O)n(c(n2)NCCCO)CCCOc1ccccc1	ZINC04317955
Cn1c2c(c(=O)[nH]c1=O)n(c(n2)NCCCOC)CCCOc1ccccc1	ZINC04317959
Cn1c2c(c(=O)[nH]c1=O)n(c(n2)NCCCOC)CC(=O)c1ccccc1	ZINC04317975
C[C@@H](Cn1c2c(=O)[nH]c(=O)n(c2nc1NCCc1ccccc1)C)O	ZINC04318048
C[C@H](Cn1c2c(=O)[nH]c(=O)n(c2nc1NCCc1ccccc1)C)O	ZINC04318049
C[C@@H](Cn1c2c(=O)[nH]c(=O)n(c2nc1N1CC[N@H+](CC1)C)C)O	ZINC04318057
C[C@H](Cn1c2c(=O)[nH]c(=O)n(c2nc1N1CC[N@H+](CC1)C)C)O	ZINC04318058
CC[N@@H+]1CCN(CC1)c1nc2c(n1C[C@@H](C)O)c(=O)[nH]c(=O)n2C	ZINC04318059
CC[N@H+]1CCN(CC1)c1nc2c(n1C[C@H](C)O)c(=O)[nH]c(=O)n2C	ZINC04318061
C[C@@H](Cn1c2c(=O)[nH]c(=O)n(c2nc1NCCCOC)C)O	ZINC04318066
C[C@H](Cn1c2c(=O)[nH]c(=O)n(c2nc1NCCCOC)C)O	ZINC04318067
CCCCNc1nc2c(n1C[C@@H](COc1cccc(c1)CC)O)c(=O)[nH]c(=O)n2C	ZINC04371027
CCCCNc1nc2c(n1C[C@H](COc1cccc(c1)CC)O)c(=O)[nH]c(=O)n2C	ZINC04371030
Cc1ccc(cc1C)OC[C@@H](Cn1c2c(=O)[nH]c(=O)n(c2nc1NCCCO)C)O	ZINC04371092
Cc1ccc(cc1C)OC[C@H](Cn1c2c(=O)[nH]c(=O)n(c2nc1NCCCO)C)O	ZINC04371095
CCCCNc1nc2c(n1C[C@@H](COc1ccc(cc1)Cl)O)c(=O)[nH]c(=O)n2C	ZINC04371108
CCCCNc1nc2c(n1C[C@H](COc1ccc(cc1)Cl)O)c(=O)[nH]c(=O)n2C	ZINC04371110
Cn1c2c(c(=O)[nH]c1=O)n(c(n2)NCCCOC)CCc1ccc(cc1)OC	ZINC04386271
CC[N@@H+]1CCN(CC1)c1nc2c(n1C[C@@H](c1ccccc1)O)c(=O)[nH]c(=O)n2C	ZINC04454213
CC[N@H+]1CCN(CC1)c1nc2c(n1C[C@H](c1ccccc1)O)c(=O)[nH]c(=O)n2C	ZINC04454214
c1[nH]c(=O)c2c(n1)n(c(n2)N1CCCCC1)[C@H]1[C@@H]([C@@H]([C@H](O1)CO)O)O	ZINC04457928
Cn1c2c(c(=O)n(c1=O)C)n(c(n2)NCCCO)Cc1ccccc1OC	ZINC04540569
C[C@H]1CCN(CC1)c1nc2c(ncnc2n1[C@@H]1[C@@H]([C@@H]([C@@H](O1)CO)O)O)N	ZINC04663416
C[C@H]1CCN(CC1)c1nc2c(ncnc2n1[C@H]1[C@@H]([C@@H]([C@@H](O1)CO)O)O)N	ZINC04663417
C[C@@H]1CCN(CC1)c1nc2c(ncnc2n1[C@@H]1[C@H]([C@@H]([C@@H](O1)CO)O)O)N	ZINC04663418
C[C@@H]1CCN(CC1)c1nc2c(ncnc2n1[C@H]1[C@H]([C@@H]([C@@H](O1)CO)O)O)N	ZINC04663419
Cn1c2c(c(=O)n(c1=O)C)n(c(n2)NCCCOC)Cc1ccc(cc1)OC	ZINC04785610
C[C@@H](Cn1c2c(=O)[nH]c(=O)n(c2nc1N1CC[N@H+](CC1)Cc1ccccc1)C)O	ZINC04911611
C[C@H](Cn1c2c(=O)[nH]c(=O)n(c2nc1N1CC[N@H+](CC1)Cc1ccccc1)C)O	ZINC04911614
C[C@@H](Cn1c2c(=O)[nH]c(=O)n(c2nc1NCCCO)C)O	ZINC04911643
C[C@H](Cn1c2c(=O)[nH]c(=O)n(c2nc1NCCCO)C)O	ZINC04911647
CCCCNc1nc2c(n1C[C@@H](COc1ccccc1C)O)c(=O)n(c(=O)n2C)C	ZINC05027676
CCCCNc1nc2c(n1C[C@H](COc1ccccc1C)O)c(=O)n(c(=O)n2C)C	ZINC05027677
CCCNC(=O)c1c2c(nc3ccccc3n2)n(c1N)c1ccc(cc1)OCC	ZINC05033110
Cn1c2c(c(=O)[nH]c1=O)n(c(n2)N1CCCCC1)C[C@H](CO)O	ZINC05071882
CCCNC(=O)c1c2c(nc3ccccc3n2)n(c1N)c1ccc(cc1)C(=O)C	ZINC05100823
CCCNC(=O)c1c2c(nc3ccccc3n2)n(c1N)c1ccc(c(c1)Cl)OC	ZINC05100925
CCCNC(=O)c1c2c(nc3ccccc3n2)n(c1N)c1cccc(c1)C(=O)C	ZINC05112054
CCCCNc1nc2c(ncnc2n1[C@@H]1[C@@H]([C@@H]([C@@H](O1)CO)O)O)N	ZINC05138983
CCCCNc1nc2c(ncnc2n1[C@@H]1[C@H]([C@@H]([C@@H](O1)CO)O)O)N	ZINC05138985
CCCCNc1nc2c(ncnc2n1[C@H]1[C@@H]([C@@H]([C@@H](O1)CO)O)O)N	ZINC05138987
CCCCNc1nc2c(ncnc2n1[C@H]1[C@H]([C@@H]([C@@H](O1)CO)O)O)N	ZINC05138991
C[C@H]1CCN(CC1)c1nc2c(=O)[nH]c(nc2n1[C@@H]1[C@@H]([C@@H]([C@@H](O1)CO)O)O)N	ZINC05222700
C[C@H]1CCN(CC1)c1nc2c(=O)[nH]c(nc2n1[C@H]1[C@@H]([C@@H]([C@@H](O1)CO)O)O)N	ZINC05222711
C[C@@H]1CCN(CC1)c1nc2c(=O)[nH]c(nc2n1[C@@H]1[C@H]([C@@H]([C@@H](O1)CO)O)O)N	ZINC05222723
C[C@@H]1CCN(CC1)c1nc2c(=O)[nH]c(nc2n1[C@H]1[C@H]([C@@H]([C@@H](O1)CO)O)O)N	ZINC05222733
C[N@@H+]1CCN(CC1)c1nc2c(=O)[nH]c(nc2n1[C@@H]1[C@@H]([C@@H]([C@@H](O1)CO)O)O)N	ZINC05224204
C[N@H+]1CCN(CC1)c1nc2c(=O)[nH]c(nc2n1[C@H]1[C@@H]([C@@H]([C@@H](O1)CO)O)O)N	ZINC05224212
C[N@H+]1CCN(CC1)c1nc2c(=O)[nH]c(nc2n1[C@@H]1[C@H]([C@@H]([C@@H](O1)CO)O)O)N	ZINC05224220
C[N@H+]1CCN(CC1)c1nc2c(=O)[nH]c(nc2n1[C@H]1[C@H]([C@@H]([C@@H](O1)CO)O)O)N	ZINC05224227
Cc1ccccc1Nc1nc(nc(n1)N)Cn1cnc2c3ccccc3oc2c1=O	ZINC05225421
Cn1c2c(c(=O)n(c1=O)CCOC)n1c(n2)N(CCC1)c1ccc(c(c1)Cl)OC	ZINC05252006
CCCCn1c2c(=O)[nH]c(=O)n(c2nc1NCCCc1ccc(c(c1)OC)OC)C	ZINC05295862
Cn1c2c(c(=O)[nH]c1=O)n(c(n2)N1CC[N@H+](CC1)C)C[C@@H](COc1ccc(cc1)OC)O	ZINC05313130
Cn1c2c(c(=O)[nH]c1=O)n(c(n2)N1CC[N@H+](CC1)C)C[C@H](COc1ccc(cc1)OC)O	ZINC05313133
Cc1ccccc1OC[C@@H](Cn1c2c(=O)[nH]c(=O)n(c2nc1N1CC[N@H+](CC1)C)C)O	ZINC05313232
Cc1ccccc1OC[C@H](Cn1c2c(=O)[nH]c(=O)n(c2nc1N1CC[N@H+](CC1)C)C)O	ZINC05313239
Cn1c2c(c(=O)[nH]c1=O)n(c(n2)N1CC[N@H+](CC1)C)C[C@@H](COc1ccc(cc1Cl)Cl)O	ZINC05313266
Cn1c2c(c(=O)[nH]c1=O)n(c(n2)N1CC[N@H+](CC1)C)C[C@H](COc1ccc(cc1Cl)Cl)O	ZINC05313269
Cn1c2c(c(=O)[nH]c1=O)n(c(n2)N1CC[N@H+](CC1)C)C[C@@H](COc1ccc(cc1)Br)O	ZINC05313297
Cn1c2c(c(=O)[nH]c1=O)n(c(n2)N1CC[N@H+](CC1)C)C[C@H](COc1ccc(cc1)Br)O	ZINC05313299
Cn1c2c(c(=O)[nH]c1=O)n(c(n2)NCCCn1ccnc1)C[C@@H](COc1ccccc1)O	ZINC05356637
Cn1c2c(c(=O)[nH]c1=O)n(c(n2)NCCCn1ccnc1)C[C@H](COc1ccccc1)O	ZINC05356648
Cn1c2c(c(=O)n(c1=O)C)n(c(n2)N1CC[N@H+](CC1)C)C[C@@H](COc1ccc(cc1)Cl)O	ZINC05360103
Cn1c2c(c(=O)n(c1=O)C)n(c(n2)N1CC[N@H+](CC1)C)C[C@H](COc1ccc(cc1)Cl)O	ZINC05360107
Cc1ccccc1OC[C@@H](Cn1c2c(nc1N1CC[N@H+](CC1)C)n(c(=O)n(c2=O)C)C)O	ZINC05360325
Cc1ccccc1OC[C@H](Cn1c2c(nc1N1CC[N@H+](CC1)C)n(c(=O)n(c2=O)C)C)O	ZINC05360331
CCc1ccc(cc1)OC[C@@H](Cn1c2c(=O)[nH]c(=O)n(c2nc1N1CC[N@H+](CC1)C)C)O	ZINC05360467
CCc1ccc(cc1)OC[C@H](Cn1c2c(=O)[nH]c(=O)n(c2nc1N1CC[N@H+](CC1)C)C)O	ZINC05360472
C[C@@H]1CCN(CC1)c1nc2c(n1[C@@H]1[C@H]([C@H]([C@H](O1)CO)O)O)[nH]cnc2=O	ZINC05444240
Cc1ccc(cc1)OC[C@@H](Cn1c2c(=O)[nH]c(=O)n(c2nc1NCCCOC)C)O	ZINC05459944
Cc1ccc(cc1)OC[C@H](Cn1c2c(=O)[nH]c(=O)n(c2nc1NCCCOC)C)O	ZINC05459948
Cc1cccc(c1)OC[C@@H](Cn1c2c(=O)[nH]c(=O)n(c2nc1NCCCO)C)O	ZINC05460433
Cc1cccc(c1)OC[C@H](Cn1c2c(=O)[nH]c(=O)n(c2nc1NCCCO)C)O	ZINC05460442
Cc1ccc(cc1)OC[C@@H](Cn1c2c(=O)[nH]c(=O)n(c2nc1NCCC[NH3+])C)O	ZINC05460894
Cc1ccc(cc1)OC[C@H](Cn1c2c(=O)[nH]c(=O)n(c2nc1NCCC[NH3+])C)O	ZINC05460903
c1ccc(cc1)CNc1nc2c(n1[C@H]1[C@@H]([C@H]([C@@H](O1)CO)O)O)[nH]cnc2=O	ZINC05483952
C(CC(=O)N)[C@H](C(=O)NCC(=O)[O-])[NH3+]	ZINC05500823
CCCCn1c(c(c(=O)[nH]c1=O)N(CC)C(=O)c1c(c2ccccc2o1)C)N	ZINC05634068
CCCCN(c1c(n(c(=O)[nH]c1=O)CCC)N)C(=O)c1c(c2ccccc2o1)C	ZINC05634340
CCCn1c(c(c(=O)[nH]c1=O)N(CCOC)C(=O)c1cc2ccccc2o1)N	ZINC05674398
[C@H]([C@@H]([C@@H](C(=O)[O-])O)O)([C@H](C(=O)[O-])O)O	ZINC05783661
c1[nH]c(=O)c2c(n1)n(c(n2)N1CCCCC1)[C@@H]1[C@H]([C@H]([C@@H](O1)CO)O)O	ZINC05886092
CCCCCCNc1nc2c(n1C[C@@H](COc1ccc(cc1)OC)O)c(=O)[nH]c(=O)n2C	ZINC06149640
CCCCCCNc1nc2c(n1C[C@@H](COc1ccc(cc1)OC)O)c(=O)n(c(=O)n2C)C	ZINC06149642
CCCCCCNc1nc2c(n1C[C@H](COc1ccc(cc1)OC)O)c(=O)[nH]c(=O)n2C	ZINC06149644
CCCCCCNc1nc2c(n1C[C@H](COc1ccc(cc1)OC)O)c(=O)n(c(=O)n2C)C	ZINC06149645
Cn1c2c(c(=O)[nH]c1=O)n(c(n2)NCCCO)C[C@@H](COc1ccc(cc1Cl)Cl)O	ZINC06444851
Cn1c2c(c(=O)[nH]c1=O)n(c(n2)NCCCO)C[C@H](COc1ccc(cc1Cl)Cl)O	ZINC06444854
CCCCCCNc1nc2c(n1C[C@@H](COc1ccccc1)O)c(=O)n(c(=O)n2C)C	ZINC06721386
CCCCCCNc1nc2c(n1C[C@H](COc1ccccc1)O)c(=O)n(c(=O)n2C)C	ZINC06721387
CCCCNc1nc2c(n1C[C@@H](COc1ccccc1)O)c(=O)n(c(=O)n2C)C	ZINC06721388
CCCCNc1nc2c(n1C[C@H](COc1ccccc1)O)c(=O)n(c(=O)n2C)C	ZINC06721389
CCCCCCNc1nc2c(n1C[C@@H](COc1cccc(c1)C)O)c(=O)[nH]c(=O)n2C	ZINC06721390
CCCCCCNc1nc2c(n1C[C@H](COc1cccc(c1)C)O)c(=O)[nH]c(=O)n2C	ZINC06721391
Cc1cccc(c1)OC[C@@H](Cn1c2c(=O)[nH]c(=O)n(c2nc1NCCC(C)C)C)O	ZINC06721392
Cc1cccc(c1)OC[C@H](Cn1c2c(=O)[nH]c(=O)n(c2nc1NCCC(C)C)C)O	ZINC06721393
CCCCNc1nc2c(n1C[C@@H](COc1ccc(c(c1)C)C)O)c(=O)[nH]c(=O)n2C	ZINC07425510
CCCCNc1nc2c(n1C[C@H](COc1ccc(c(c1)C)C)O)c(=O)[nH]c(=O)n2C	ZINC07425512
C[C@@H]1CCN(CC1)c1nc2c(n1C[C@@H](CO)O)c(=O)[nH]c(=O)n2C	ZINC07425539
C[C@@H]1CCN(CC1)c1nc2c(n1C[C@H](CO)O)c(=O)[nH]c(=O)n2C	ZINC07425541
C[C@@H]1CCN(CC1)c1nc2c(n1C[C@@H](COc1ccccc1)O)c(=O)[nH]c(=O)n2C	ZINC07425555
C[C@H]1CCN(CC1)c1nc2c(n1C[C@H](COc1ccccc1)O)c(=O)[nH]c(=O)n2C	ZINC07425559
Cc1ccccc1OC[C@@H](Cn1c2c(=O)[nH]c(=O)n(c2nc1N1CC[C@H](CC1)C)C)O	ZINC07425573
Cc1ccccc1OC[C@H](Cn1c2c(=O)[nH]c(=O)n(c2nc1N1CC[C@H](CC1)C)C)O	ZINC07425576
C[C@H]1CCN(CC1)c1nc2c(n1C[C@@H](c1ccccc1)O)c(=O)[nH]c(=O)n2C	ZINC07425577
C[C@H]1CCN(CC1)c1nc2c(n1C[C@H](c1ccccc1)O)c(=O)[nH]c(=O)n2C	ZINC07425580
CCCCCNc1nc2c(n1C[C@@H](COc1cccc(c1)CC)O)c(=O)[nH]c(=O)n2C	ZINC07425632
CCCCCNc1nc2c(n1C[C@H](COc1cccc(c1)CC)O)c(=O)[nH]c(=O)n2C	ZINC07425635
CCc1cccc(c1)OC[C@@H](Cn1c2c(=O)[nH]c(=O)n(c2nc1NCCCO)C)O	ZINC07425658
CCc1cccc(c1)OC[C@H](Cn1c2c(=O)[nH]c(=O)n(c2nc1NCCCO)C)O	ZINC07425660
Cn1c2c(c(=O)[nH]c1=O)n(c(n2)NCCCOC)CCOc1ccccc1	ZINC07425710
CCCCCNc1nc2c(n1C[C@@H](COc1ccc(c(c1)C)C)O)c(=O)[nH]c(=O)n2C	ZINC07425758
CCCCCNc1nc2c(n1C[C@H](COc1ccc(c(c1)C)C)O)c(=O)[nH]c(=O)n2C	ZINC07425761
Cc1ccc(cc1C)OC[C@@H](Cn1c2c(=O)[nH]c(=O)n(c2nc1NCCC(C)C)C)O	ZINC07425765
Cc1ccc(cc1C)OC[C@H](Cn1c2c(=O)[nH]c(=O)n(c2nc1NCCC(C)C)C)O	ZINC07425768
C[C@@H]1CCCN(C1)c1nc2c(n1C[C@@H](C)O)c(=O)[nH]c(=O)n2C	ZINC07425770
C[C@H]1CCCN(C1)c1nc2c(n1C[C@@H](C)O)c(=O)[nH]c(=O)n2C	ZINC07425772
CCCNc1nc2c(n1C[C@@H](COc1ccccc1)O)c(=O)[nH]c(=O)n2C	ZINC07425834
CCCNc1nc2c(n1C[C@H](COc1ccccc1)O)c(=O)[nH]c(=O)n2C	ZINC07425835
CCCCNc1nc2c(n1C[C@@H](COc1ccccc1)O)c(=O)[nH]c(=O)n2C	ZINC07425837
CCCCNc1nc2c(n1C[C@H](COc1ccccc1)O)c(=O)[nH]c(=O)n2C	ZINC07425839
CCCCCNc1nc2c(n1C[C@@H](COc1ccccc1)O)c(=O)[nH]c(=O)n2C	ZINC07425854
CCCCCNc1nc2c(n1C[C@H](COc1ccccc1)O)c(=O)[nH]c(=O)n2C	ZINC07425855
CC(C)CCNc1nc2c(n1C[C@@H](COc1ccccc1)O)c(=O)[nH]c(=O)n2C	ZINC07425856
CC(C)CCNc1nc2c(n1C[C@H](COc1ccccc1)O)c(=O)[nH]c(=O)n2C	ZINC07425857
C[C@@H]1CCCN(C1)c1nc2c(n1C[C@@H](COc1ccccc1)O)c(=O)[nH]c(=O)n2C	ZINC07425860
C[C@H]1CCCN(C1)c1nc2c(n1C[C@@H](COc1ccccc1)O)c(=O)[nH]c(=O)n2C	ZINC07425862
CCCCCNc1nc2c(n1C[C@@H](COc1ccccc1)O)c(=O)n(c(=O)n2C)C	ZINC07425866
CCCCCNc1nc2c(n1C[C@H](COc1ccccc1)O)c(=O)n(c(=O)n2C)C	ZINC07425868
Cn1c2c(c(=O)n(c1=O)C)n(c(n2)NCCCOC)C[C@@H](COc1ccccc1)O	ZINC07425881
Cn1c2c(c(=O)n(c1=O)C)n(c(n2)NCCCOC)C[C@H](COc1ccccc1)O	ZINC07425882
CCCCNc1nc2c(n1C[C@@H](COc1cccc(c1)C)O)c(=O)[nH]c(=O)n2C	ZINC07425884
CCCCNc1nc2c(n1C[C@H](COc1cccc(c1)C)O)c(=O)[nH]c(=O)n2C	ZINC07425886
Cc1cccc(c1)OC[C@@H](Cn1c2c(=O)[nH]c(=O)n(c2nc1N1CCC[C@@H](C1)C)C)O	ZINC07425896
Cc1cccc(c1)OC[C@H](Cn1c2c(=O)[nH]c(=O)n(c2nc1N1CCC[C@@H](C1)C)C)O	ZINC07425899
CCCCCNc1nc2c(n1C[C@@H](COc1cccc(c1)C)O)c(=O)[nH]c(=O)n2C	ZINC07425900
CCCCCNc1nc2c(n1C[C@H](COc1cccc(c1)C)O)c(=O)[nH]c(=O)n2C	ZINC07425902
CCCNc1nc2c(n1C[C@@H](COc1ccc(cc1)Cl)O)c(=O)n(c(=O)n2C)C	ZINC07425921
CCCNc1nc2c(n1C[C@H](COc1ccc(cc1)Cl)O)c(=O)n(c(=O)n2C)C	ZINC07425923
CCCCn1c(c(c(=O)[nH]c1=O)N(CCCC)C(=O)c1c(c2ccccc2o1)C)N	ZINC07795895
CCCCn1c(c(c(=O)[nH]c1=O)N(CCCC)C(=O)c1cc2ccccc2o1)N	ZINC07795902
[C@H]([C@@H]([C@H](C(=O)[O-])O)O)([C@H](C(=O)[O-])O)O	ZINC08551223
Cn1c2c(c(=O)[nH]c1=O)n(c(n2)NCCO)C[C@@H](COc1ccccc1)O	ZINC08585652
Cn1c2c(c(=O)[nH]c1=O)n(c(n2)NCCO)C[C@H](COc1ccccc1)O	ZINC08585654
Cn1c2c(c(=O)[nH]c1=O)n(c(n2)NCCCOC)C[C@@H](COc1ccc(cc1)Cl)O	ZINC08589971
Cn1c2c(c(=O)[nH]c1=O)n(c(n2)NCCCOC)C[C@H](COc1ccc(cc1)Cl)O	ZINC08589972
CCCCn1c2c(c(=O)n(c1=O)CC(=O)Nc1ccc(c(c1)Cl)OC)n(c(n2)CO)CCC	ZINC08628244
CCCCn1cnc2c1c(=O)n(c(=O)n2Cc1ccccc1)CC(=O)Nc1ccc2c(c1)OCCO2	ZINC08725296
CCCCn1c(c(c(=O)[nH]c1=O)N(C)C(=O)[C@@H]1Cc2ccccc2O1)N	ZINC08734443
CCCCn1c(c(c(=O)[nH]c1=O)N(C)C(=O)[C@H]1Cc2ccccc2O1)N	ZINC08734444
c1[nH]c(=O)c2c(n1)n(c(n2)NCCCCCC[NH3+])[C@H]1[C@@H]([C@@H]([C@@H](O1)CO)O)O	ZINC08738349
c1[nH]c(=O)c2c(n1)n(c(n2)NCCCCCC[NH3+])[C@@H]1[C@H]([C@@H]([C@@H](O1)CO)O)O	ZINC08738350
Cn1c2c(c(=O)[nH]c1=O)n(c(n2)N1CC[N@H+](CC1)Cc1ccccc1)C[C@@H](COc1ccccc1)O	ZINC08739402
c1ccc(cc1)CNc1nc2c(n1[C@H]1[C@@H]([C@@H]([C@H](O1)CO)O)O)nc[nH]c2=O	ZINC08740068
c1ccc(cc1)CNc1nc2c(=O)[nH]c(nc2n1[C@H]1[C@@H]([C@@H]([C@H](O1)CO)O)O)N	ZINC08740161
C[C@@H]1CCN(CC1)c1nc2c(=O)[nH]c(nc2n1[C@H]1[C@@H]([C@@H]([C@H](O1)CO)O)O)N	ZINC08740170
C[N@H+]1CCN(CC1)c1nc2c(ncnc2n1[C@H]1[C@@H]([C@@H]([C@H](O1)CO)O)O)N	ZINC08740325
Cn1c2c(c(=O)[nH]c1=O)n(c(n2)N1CC[N@H+](CC1)Cc1ccccc1)C[C@H](COc1ccccc1)O	ZINC08740578
Cn1c2c(c(=O)[nH]c1=O)n(c(n2)NCCC[NH+]1CCOCC1)C[C@@H](c1ccccc1)O	ZINC08743964
Cn1c2c(c(=O)[nH]c1=O)n(c(n2)NCCC[NH+]1CCOCC1)C[C@H](c1ccccc1)O	ZINC08743965
CC[N@@H+]1CCN(CC1)c1nc2c(n1C[C@@H](COc1ccc(cc1)Cl)O)c(=O)[nH]c(=O)n2C	ZINC08744168
CC[N@@H+]1CCN(CC1)c1nc2c(n1C[C@H](COc1ccc(cc1)Cl)O)c(=O)[nH]c(=O)n2C	ZINC08744169
c1ccc(cc1)Cn1c(c(c(=O)[nH]c1=O)N(CCCO)C(=O)c1cc2ccccc2o1)N	ZINC08754788
c1[nH]c(=O)c2c(n1)n(c(n2)N1CC[NH2+]CC1)[C@@H]1[C@H]([C@H]([C@@H](O1)CO)O)O	ZINC08762235
C[N@@H+]1CCN(CC1)c1nc2c(=O)[nH]cnc2n1[C@H]1[C@@H]([C@@H]([C@H](O1)CO)O)O	ZINC08762259
Cc1ccccc1Nc1nc(nc(n1)N)CN1C(=O)[C@@](NC1=O)(C)c1ccc2c(c1)OCCO2	ZINC08776137
Cc1ccccc1Nc1nc(nc(n1)N)CN1C(=O)[C@](NC1=O)(C)c1ccc2c(c1)OCCO2	ZINC08776140
CCCCn1c2c(c(=O)n(c1=O)Cc1nc(nc(n1)N)N)n(cn2)Cc1ccco1	ZINC08778805
c1[nH]c(=O)c2c(n1)n(c(n2)N1CCOCC1)[C@H]1[C@@H]([C@@H]([C@@H](O1)CO)O)O	ZINC08817088
Cc1ccccc1Nc1nc(nc(n1)N)COC(=O)[C@@H]1CC(=O)N(C1)c1ccc2c(c1)OCCO2	ZINC08826244
Cc1ccccc1Nc1nc(nc(n1)N)COC(=O)[C@H]1CC(=O)N(C1)c1ccc2c(c1)OCCO2	ZINC08826245
CC[N@@H+]1CCN(CC1)c1nc2c(n1C[C@@H](COc1ccccc1)O)c(=O)[nH]c(=O)n2C	ZINC08970242
CC[N@@H+]1CCN(CC1)c1nc2c(n1C[C@H](COc1ccccc1)O)c(=O)[nH]c(=O)n2C	ZINC08970244
CCc1cccc(c1)OC[C@@H](Cn1c2c(=O)[nH]c(=O)n(c2nc1N1CC[N@H+](CC1)C)C)O	ZINC08994238
CCc1cccc(c1)OC[C@H](Cn1c2c(=O)[nH]c(=O)n(c2nc1N1CC[N@H+](CC1)C)C)O	ZINC08994241
Cn1c2c(c(=O)[nH]c1=O)n(c(n2)N1CCN(CC1)C(=O)c1ccco1)Cc1ccccc1Cl	ZINC09001517
Cc1cccc(c1)OC[C@@H](Cn1c2c(nc1N1CC[N@H+](CC1)C)n(c(=O)[nH]c2=O)C)O	ZINC09013353
Cc1ccc(cc1)OC[C@@H](Cn1c2c(nc1N1CC[N@H+](CC1)C)n(c(=O)[nH]c2=O)C)O	ZINC09014285
Cc1cccc(c1)OC[C@H](Cn1c2c(=O)[nH]c(=O)n(c2nc1N1CC[N@H+](CC1)C)C)O	ZINC09014749
Cc1ccc(cc1)OC[C@H](Cn1c2c(=O)[nH]c(=O)n(c2nc1N1CC[N@H+](CC1)C)C)O	ZINC09014855
CC[N@@H+]1CCN(CC1)c1nc2c(n1C[C@@H](COc1ccccc1C)O)c(=O)[nH]c(=O)n2C	ZINC09014858
CC[N@@H+]1CCN(CC1)c1nc2c(n1C[C@H](COc1ccccc1C)O)c(=O)[nH]c(=O)n2C	ZINC09014859
Cc1ccc(cc1)OC[C@@H](Cn1c2c(=O)[nH]c(=O)n(c2nc1NCCCn1ccnc1)C)O	ZINC09015218
Cc1ccc(cc1)OC[C@H](Cn1c2c(=O)[nH]c(=O)n(c2nc1NCCCn1ccnc1)C)O	ZINC09015219
CC[N@@H+]1CCN(CC1)c1nc2c(n1C[C@@H](COc1ccc3ccccc3c1)O)c(=O)[nH]c(=O)n2C	ZINC09088993
CC[N@H+]1CCN(CC1)c1nc2c(n1C[C@H](COc1ccc3ccccc3c1)O)c(=O)[nH]c(=O)n2C	ZINC09088994
Cc1cccc(c1)OC[C@@H](Cn1c2c(nc1NCCCn1ccnc1)n(c(=O)[nH]c2=O)C)O	ZINC09109504
Cc1cccc(c1)OC[C@H](Cn1c2c(=O)[nH]c(=O)n(c2nc1NCCCn1ccnc1)C)O	ZINC09110058
CC[N@@H+]1CCN(CC1)c1nc2c(n1C[C@@H](COc1ccc(cc1)C)O)c(=O)[nH]c(=O)n2C	ZINC09110327
CC[N@@H+]1CCN(CC1)c1nc2c(n1C[C@H](COc1ccc(cc1)C)O)c(=O)[nH]c(=O)n2C	ZINC09110328
Cn1c2c(c(=O)[nH]c1=O)n(c(n2)N1CC[N@H+](CC1)C)C[C@H](COc1ccc2ccccc2c1)O	ZINC09110562
CCCCn1c(c(c(=O)[nH]c1=O)N(Cc1ccco1)C(=O)[C@@H]1COc2ccccc2O1)N	ZINC09125975
CCCCn1c(c(c(=O)[nH]c1=O)N(Cc1ccco1)C(=O)[C@H]1COc2ccccc2O1)N	ZINC09125976
CCCCn1c(c(c(=O)[nH]c1=O)N(Cc1ccco1)C(=O)c1ccc2c(c1)OCCO2)N	ZINC09126041
CCCCn1c2c(c(=O)n(c1=O)CC(=O)Nc1ccc3c(c1)OCCO3)n(cn2)C1CCCC1	ZINC09155514
CCc1ccc(cc1)OC[C@H](Cn1c2c(=O)[nH]c(=O)n(c2nc1NCCCOC)C)O	ZINC09192730
CC[N@H+]1CCN(CC1)c1nc2c(n1C[C@@H](COc1ccccc1)O)c(=O)n(c(=O)n2C)C	ZINC09192831
CC[N@@H+]1CCN(CC1)c1nc2c(n1C[C@H](COc1ccccc1)O)c(=O)n(c(=O)n2C)C	ZINC09192832
c1ccc(cc1)CNc1nc2c(=O)[nH]cnc2n1[C@@H]1[C@@H]([C@@H]([C@@H](O1)CO)O)O	ZINC09209177
c1ccc(cc1)CNc1nc2c(n1[C@H]1[C@@H]([C@@H]([C@@H](O1)CO)O)O)nc[nH]c2=O	ZINC09209178
c1ccc(cc1)CNc1nc2c(=O)[nH]cnc2n1[C@@H]1[C@H]([C@@H]([C@@H](O1)CO)O)O	ZINC09209180
CC[N@@H+]1CCN(CC1)c1nc2c(n1C[C@@H](COc1ccccc1C)O)c(=O)n(c(=O)n2C)C	ZINC09290997
CC[N@H+]1CCN(CC1)c1nc2c(n1C[C@H](COc1ccccc1C)O)c(=O)n(c(=O)n2C)C	ZINC09290999
CC[N@@H+]1CCN(CC1)c1nc2c(n1C[C@@H](COc1cccc(c1)C)O)c(=O)n(c(=O)n2C)C	ZINC09291175
CC[N@H+]1CCN(CC1)c1nc2c(n1C[C@H](COc1cccc(c1)C)O)c(=O)n(c(=O)n2C)C	ZINC09291176
Cc1ccc(cc1)OC[C@@H](Cn1c2c(=O)[nH]c(=O)n(c2nc1NCCCOC(C)C)C)O	ZINC09291975
Cc1ccc(cc1)OC[C@H](Cn1c2c(=O)[nH]c(=O)n(c2nc1NCCCOC(C)C)C)O	ZINC09291976
CC[N@H+]1CCN(CC1)c1nc2c(n1C[C@@H](COc1cccc(c1)C)O)c(=O)[nH]c(=O)n2C	ZINC09292593
CC[N@H+]1CCN(CC1)c1nc2c(n1C[C@H](COc1cccc(c1)C)O)c(=O)[nH]c(=O)n2C	ZINC09292594
COc1ccc(cc1OC)CCn1c(c(c2c1nc1ccccc1n2)C(=O)NC[C@@H]1CCCO1)N	ZINC09310773
COc1ccc(cc1OC)CCn1c(c(c2c1nc1ccccc1n2)C(=O)NC[C@H]1CCCO1)N	ZINC09310774
Cn1c2c(c(=O)[nH]c1=O)n(c(n2)NCCCOC)C[C@@H](COc1ccc(cc1)OC)O	ZINC09311920
Cn1c2c(c(=O)[nH]c1=O)n(c(n2)NCCCOC)C[C@H](COc1ccc(cc1)OC)O	ZINC09312948
CC[N@@H+](Cc1[nH]c(=O)c2c(csc2n1)c1cccs1)CC(=O)Nc1ccc2c(c1)OCCO2	ZINC09365849
CC[C@H](C)[N@H+](CCNC(=O)c1cn(c(=O)c2c1cccc2)c1ccc(cc1)OC)Cc1ccco1	ZINC09433779
CCOc1ccc(cc1)NC(=O)c1cc2c(n1CCCOC)nc1c(cccn1c2=O)C	ZINC09447793
CCCCn1c(c(c(=O)[nH]c1=O)N(Cc1ccco1)C(=O)[C@@H]1Cc2ccccc2C(=O)O1)N	ZINC09468229
CCCCn1c(c(c(=O)[nH]c1=O)N(Cc1ccco1)C(=O)[C@H]1Cc2ccccc2C(=O)O1)N	ZINC09468231
Cc1c(n(c(c1C#N)NC(=O)C[N@@H+]1CC[C@H](CC1)C(=O)Nc1ccccc1O)Cc1ccco1)C	ZINC09503983
Cc1cccn2c1nc1c(c2=O)cc(n1CCCOC)C(=O)Nc1ccccc1C(=O)N	ZINC09510434
CC[N@@H+](Cc1[nH]c(=O)c2cc(sc2n1)c1ccccc1)CC(=O)Nc1ccc2c(c1)OCCO2	ZINC09515717
CCCCn1c2c(c(=O)n(c1=O)CC(=O)Nc1ccc3c(c1)OCCO3)n(cn2)Cc1ccco1	ZINC09584259
CCCCn1c(c(c(=O)[nH]c1=O)N(Cc1ccco1)C(=O)CN1c2ccccc2OCC1=O)N	ZINC09592520
Cn1c2c(c(=O)[nH]c1=O)n(c(n2)NCCCO)C[C@@H](COc1ccc(cc1)Cl)O	ZINC09600780
Cn1c2c(c(=O)[nH]c1=O)n(c(n2)NCCCO)C[C@H](COc1ccc(cc1)Cl)O	ZINC09600781
c1[nH]c(=O)c2c(n1)n(c(n2)NCCCCCC[NH3+])[C@@H]1[C@@H]([C@@H]([C@@H](O1)CO)O)O	ZINC09659987
CC[N@@H+](Cc1[nH]c(=O)c2c(csc2n1)c1ccc(s1)C)CC(=O)Nc1ccc2c(c1)OCCO2	ZINC09666455
CCCCn1c(c(c(=O)[nH]c1=O)N(Cc1ccco1)C(=O)c1cn2c(cccc2n1)C)N	ZINC09715243
CC[N@@H+](Cc1[nH]c(=O)c2c(csc2n1)c1ccco1)CC(=O)Nc1ccc2c(c1)OCCO2	ZINC09725015
CCCCn1c(nc2c1c(=O)[nH]c(=O)n2Cc1ccccc1)C[NH+]1CCN(CC1)c1ccc(cc1)O	ZINC09731370
c1ccc(cc1)Cn1c(c(c(=O)[nH]c1=O)N(Cc1ccco1)C(=O)c1ccc2c(c1)OCCO2)N	ZINC09765135
CC[N@@H+](Cc1[nH]c(=O)c2c(csc2n1)c1ccccc1)CC(=O)Nc1ccc2c(c1)OCCO2	ZINC09789169
CCCCn1c(c(c(=O)[nH]c1=O)N(CC)C(=O)C[N@H+]1CCC[C@@H]1c1ccc2c(c1)OCCO2)N	ZINC09995946
CCCCn1c(c(c(=O)[nH]c1=O)N(CC)C(=O)C[N@@H+]1CCC[C@H]1c1ccc2c(c1)OCCO2)N	ZINC09995947
Cc1cn2c3c(=O)[nH]c(=O)n(c3nc2n1CCNc1cc(ccc1OC)OC)C	ZINC10049293
Cc1c(n2c3c(=O)[nH]c(=O)n(c3nc2n1CCNc1cc(ccc1OC)OC)C)C	ZINC10049312
Cc1c(n2c3c(=O)[nH]c(=O)n(c3nc2n1CCCNc1ccc(cc1OC)OC)C)C	ZINC10049424
Cc1c(n2c3c(=O)[nH]c(=O)n(c3nc2n1CCCNc1cc(ccc1OC)OC)C)C	ZINC10049425
C[C@@H]1Cn2c3c(nc2N(C1)c1ccc(c(c1)Cl)OC)n(c(=O)n(c3=O)CCOC)C	ZINC10102545
C[C@H]1Cn2c3c(nc2N(C1)c1ccc(c(c1)Cl)OC)n(c(=O)n(c3=O)CCOC)C	ZINC10102547
CCOCCn1c(=O)c2c(nc3n2C[C@@H](CN3c2ccc(c(c2)Cl)OC)C)n(c1=O)C	ZINC10102570
CCOCCn1c(=O)c2c(nc3n2C[C@H](CN3c2ccc(c(c2)Cl)OC)C)n(c1=O)C	ZINC10102573
Cc1cn2c3c(=O)[nH]c(=O)n(c3nc2n1CC[NH+]1CCN(CC1)C(=O)c1ccco1)C	ZINC10233865
CCc1cccc(c1)OC[C@@H](Cn1c2c(=O)[nH]c(=O)n(c2nc1N1CC[N@H+](CC1)CC)C)O	ZINC10272092
CCc1cccc(c1)OC[C@H](Cn1c2c(=O)[nH]c(=O)n(c2nc1N1CC[N@H+](CC1)CC)C)O	ZINC10272093
CCc1cccc(c1)OC[C@@H](Cn1c2c(nc1N1CC[N@H+](CC1)C)n(c(=O)n(c2=O)C)C)O	ZINC10274023
CCc1cccc(c1)OC[C@H](Cn1c2c(nc1N1CC[N@H+](CC1)C)n(c(=O)n(c2=O)C)C)O	ZINC10274025
CC[N@@H+]1CCN(CC1)c1nc2c(n1C[C@@H](COc1ccc(c(c1)C)C)O)c(=O)[nH]c(=O)n2C	ZINC10274065
CC[N@@H+]1CCN(CC1)c1nc2c(n1C[C@H](COc1ccc(c(c1)C)C)O)c(=O)[nH]c(=O)n2C	ZINC10274067
Cc1ccc(cc1C)OC[C@@H](Cn1c2c(=O)[nH]c(=O)n(c2nc1NCCCOC)C)O	ZINC10274072
Cc1ccc(cc1C)OC[C@H](Cn1c2c(=O)[nH]c(=O)n(c2nc1NCCCOC)C)O	ZINC10274074
CCCCCNc1nc2c(n1C[C@@H](COc1ccc(cc1)Cl)O)c(=O)[nH]c(=O)n2C	ZINC10274104
CCCCCNc1nc2c(n1C[C@H](COc1ccc(cc1)Cl)O)c(=O)[nH]c(=O)n2C	ZINC10274105
CC(C)CCNc1nc2c(n1C[C@@H](COc1ccc(cc1)Cl)O)c(=O)[nH]c(=O)n2C	ZINC10274106
CC(C)CCNc1nc2c(n1C[C@H](COc1ccc(cc1)Cl)O)c(=O)[nH]c(=O)n2C	ZINC10274108
Cn1c2c(c(=O)[nH]c1=O)n(c(n2)N1CC[NH2+]CC1)C[C@@H](COc1ccc(cc1)Cl)O	ZINC10274111
Cn1c2c(c(=O)[nH]c1=O)n(c(n2)N1CC[NH2+]CC1)C[C@H](COc1ccc(cc1)Cl)O	ZINC10274112
CCCC[C@@H](CC)CNc1nc2c(n1C[C@@H](COc1ccc(cc1)Cl)O)c(=O)[nH]c(=O)n2C	ZINC10274114
CCCC[C@H](CC)CNc1nc2c(n1C[C@@H](COc1ccc(cc1)Cl)O)c(=O)[nH]c(=O)n2C	ZINC10274115
CCCC[C@@H](CC)CNc1nc2c(n1C[C@H](COc1ccc(cc1)Cl)O)c(=O)[nH]c(=O)n2C	ZINC10274117
CCCC[C@H](CC)CNc1nc2c(n1C[C@H](COc1ccc(cc1)Cl)O)c(=O)[nH]c(=O)n2C	ZINC10274118
CCCCCCNc1nc2c(n1C[C@@H](COc1ccc(cc1)Cl)O)c(=O)[nH]c(=O)n2C	ZINC10274119
CCCCCCNc1nc2c(n1C[C@H](COc1ccc(cc1)Cl)O)c(=O)[nH]c(=O)n2C	ZINC10274120
Cc1ccc(cc1C)OC[C@@H](Cn1c2c(nc1NCCCOC)n(c(=O)n(c2=O)C)C)O	ZINC10274138
Cc1ccc(cc1C)OC[C@H](Cn1c2c(nc1NCCCOC)n(c(=O)n(c2=O)C)C)O	ZINC10274140
CC[N@@H+]1CCN(CC1)c1nc2c(n1C[C@@H](COc1ccc(c(c1)C)C)O)c(=O)n(c(=O)n2C)C	ZINC10274165
CC[N@H+]1CCN(CC1)c1nc2c(n1C[C@H](COc1ccc(c(c1)C)C)O)c(=O)n(c(=O)n2C)C	ZINC10274167
CCc1cccc(c1)OC[C@@H](Cn1c2c(nc1NCCCO)n(c(=O)n(c2=O)C)C)O	ZINC10385081
CCc1cccc(c1)OC[C@H](Cn1c2c(nc1NCCCO)n(c(=O)n(c2=O)C)C)O	ZINC10385086
CCc1cccc(c1)OC[C@@H](Cn1c2c(nc1NCCCOC)n(c(=O)n(c2=O)C)C)O	ZINC10385107
CCc1cccc(c1)OC[C@H](Cn1c2c(nc1NCCCOC)n(c(=O)n(c2=O)C)C)O	ZINC10385111
CCc1cccc(c1)OC[C@@H](Cn1c2c(nc1NCCCOC(C)C)n(c(=O)n(c2=O)C)C)O	ZINC10385115
CCc1cccc(c1)OC[C@H](Cn1c2c(nc1NCCCOC(C)C)n(c(=O)n(c2=O)C)C)O	ZINC10385118
C[C@@H]1CCN(CC1)c1nc2c(n1C[C@@H](COc1ccc(cc1)Cl)O)c(=O)[nH]c(=O)n2C	ZINC10385145
C[C@H]1CCN(CC1)c1nc2c(n1C[C@H](COc1ccc(cc1)Cl)O)c(=O)[nH]c(=O)n2C	ZINC10385150
CCc1cccc(c1)OC[C@@H](Cn1c2c(=O)[nH]c(=O)n(c2nc1N1CC[C@H](CC1)C)C)O	ZINC10385155
CCc1cccc(c1)OC[C@H](Cn1c2c(=O)[nH]c(=O)n(c2nc1N1CC[C@H](CC1)C)C)O	ZINC10385159
CCc1cccc(c1)OC[C@@H](Cn1c2c(=O)[nH]c(=O)n(c2nc1NCCCOC)C)O	ZINC10385253
CCc1cccc(c1)OC[C@H](Cn1c2c(=O)[nH]c(=O)n(c2nc1NCCCOC)C)O	ZINC10385256
CCc1cccc(c1)OC[C@@H](Cn1c2c(=O)[nH]c(=O)n(c2nc1N1CCC[C@@H](C1)C)C)O	ZINC10385306
CCc1cccc(c1)OC[C@H](Cn1c2c(=O)[nH]c(=O)n(c2nc1N1CCC[C@@H](C1)C)C)O	ZINC10385309
CC(C)OCCCNc1nc2c(n1C[C@@H](COc1ccc(cc1)OC)O)c(=O)[nH]c(=O)n2C	ZINC10385336
CC(C)OCCCNc1nc2c(n1C[C@H](COc1ccc(cc1)OC)O)c(=O)[nH]c(=O)n2C	ZINC10385341
CC[N@@H+]1CCN(CC1)c1nc2c(n1C[C@@H](COc1ccc(cc1)OC)O)c(=O)[nH]c(=O)n2C	ZINC10385359
CC[N@@H+]1CCN(CC1)c1nc2c(n1C[C@H](COc1ccc(cc1)OC)O)c(=O)[nH]c(=O)n2C	ZINC10385363
C[C@@H]1CCCN(C1)c1nc2c(n1C[C@@H](COc1ccc(cc1)OC)O)c(=O)[nH]c(=O)n2C	ZINC10385367
C[C@H]1CCCN(C1)c1nc2c(n1C[C@@H](COc1ccc(cc1)OC)O)c(=O)[nH]c(=O)n2C	ZINC10385369
CCCCCNc1nc2c(n1C[C@@H](COc1ccc(cc1)OC)O)c(=O)[nH]c(=O)n2C	ZINC10385379
CCCCCNc1nc2c(n1C[C@H](COc1ccc(cc1)OC)O)c(=O)[nH]c(=O)n2C	ZINC10385382
CC(C)CCNc1nc2c(n1C[C@@H](COc1ccc(cc1)OC)O)c(=O)[nH]c(=O)n2C	ZINC10385385
CC(C)CCNc1nc2c(n1C[C@H](COc1ccc(cc1)OC)O)c(=O)[nH]c(=O)n2C	ZINC10385388
CCCCCCNc1nc2c(n1C[C@@H](COc1ccc(c(c1)C)C)O)c(=O)[nH]c(=O)n2C	ZINC10385396
CCCCCCNc1nc2c(n1C[C@H](COc1ccc(c(c1)C)C)O)c(=O)[nH]c(=O)n2C	ZINC10385400
C[C@@H]1CCCN(C1)c1nc2c(n1C[C@@H](COc1ccc(cc1)Cl)O)c(=O)[nH]c(=O)n2C	ZINC10385481
C[C@H]1CCCN(C1)c1nc2c(n1C[C@@H](COc1ccc(cc1)Cl)O)c(=O)[nH]c(=O)n2C	ZINC10385485
Cc1ccc(c(c1)OC[C@@H](Cn1c2c(=O)[nH]c(=O)n(c2nc1N1CC[N@H+](CC1)C)C)O)C(C)C	ZINC10385542
Cc1ccc(c(c1)OC[C@H](Cn1c2c(=O)[nH]c(=O)n(c2nc1N1CC[N@H+](CC1)C)C)O)C(C)C	ZINC10385547
CC(C)OCCCNc1nc2c(n1C[C@@H](COc1ccccc1)O)c(=O)[nH]c(=O)n2C	ZINC10385574
CC(C)OCCCNc1nc2c(n1C[C@H](COc1ccccc1)O)c(=O)[nH]c(=O)n2C	ZINC10385577
CCCCCCNc1nc2c(n1C[C@@H](COc1cccc(c1)CC)O)c(=O)[nH]c(=O)n2C	ZINC10385676
CCCCCCNc1nc2c(n1C[C@H](COc1cccc(c1)CC)O)c(=O)[nH]c(=O)n2C	ZINC10385682
CCCCCNc1nc2c(n1C[C@@H](COc1ccc(cc1)OC)O)c(=O)n(c(=O)n2C)C	ZINC10385761
CCCCCNc1nc2c(n1C[C@H](COc1ccc(cc1)OC)O)c(=O)n(c(=O)n2C)C	ZINC10385766
CC[N@@H+]1CCN(CC1)c1nc2c(n1C[C@@H](COc1ccc(cc1)OC)O)c(=O)n(c(=O)n2C)C	ZINC10385779
CC[N@H+]1CCN(CC1)c1nc2c(n1C[C@H](COc1ccc(cc1)OC)O)c(=O)n(c(=O)n2C)C	ZINC10385783
Cn1c2c(c(=O)n(c1=O)C)n(c(n2)NCCCOC)C[C@@H](COc1ccc(cc1)OC)O	ZINC10385851
Cn1c2c(c(=O)n(c1=O)C)n(c(n2)NCCCOC)C[C@H](COc1ccc(cc1)OC)O	ZINC10385857
Cn1c2c(c(=O)n(c1=O)C)n(c(n2)NCCO)C[C@@H](COc1ccc(cc1)Cl)O	ZINC10385920
Cn1c2c(c(=O)n(c1=O)C)n(c(n2)NCCO)C[C@H](COc1ccc(cc1)Cl)O	ZINC10385924
Cn1c2c(c(=O)n(c1=O)C)n(c(n2)NCCCO)C[C@@H](COc1ccc(cc1)Cl)O	ZINC10385926
Cn1c2c(c(=O)n(c1=O)C)n(c(n2)NCCCO)C[C@H](COc1ccc(cc1)Cl)O	ZINC10385929
Cn1c2c(c(=O)n(c1=O)C)n(c(n2)NCCCOC)C[C@@H](COc1ccc(cc1)Cl)O	ZINC10385947
Cn1c2c(c(=O)n(c1=O)C)n(c(n2)NCCCOC)C[C@H](COc1ccc(cc1)Cl)O	ZINC10385950
CCCCNc1nc2c(n1C[C@@H](COc1ccc(cc1)Cl)O)c(=O)n(c(=O)n2C)C	ZINC10385976
CCCCNc1nc2c(n1C[C@H](COc1ccc(cc1)Cl)O)c(=O)n(c(=O)n2C)C	ZINC10385977
CC[N@@H+]1CCN(CC1)c1nc2c(n1C[C@@H](COc1ccc(cc1)Cl)O)c(=O)n(c(=O)n2C)C	ZINC10385988
CC[N@H+]1CCN(CC1)c1nc2c(n1C[C@H](COc1ccc(cc1)Cl)O)c(=O)n(c(=O)n2C)C	ZINC10385990
C[C@@H]1CCCN(C1)c1nc2c(n1C[C@@H](COc1ccc(cc1)Cl)O)c(=O)n(c(=O)n2C)C	ZINC10386005
C[C@H]1CCCN(C1)c1nc2c(n1C[C@@H](COc1ccc(cc1)Cl)O)c(=O)n(c(=O)n2C)C	ZINC10386007
CCCNc1nc2c(n1C[C@@H](COc1ccc(c(c1)C)C)O)c(=O)n(c(=O)n2C)C	ZINC10386157
CCCNc1nc2c(n1C[C@H](COc1ccc(c(c1)C)C)O)c(=O)n(c(=O)n2C)C	ZINC10386160
C[C@@H]1CCCN(C1)c1nc2c(n1C[C@@H](COc1ccc(cc1Cl)Cl)O)c(=O)n(c(=O)n2C)C	ZINC10386192
C[C@H]1CCCN(C1)c1nc2c(n1C[C@@H](COc1ccc(cc1Cl)Cl)O)c(=O)n(c(=O)n2C)C	ZINC10386194
Cn1c2c(c(=O)n(c1=O)C)n(c(n2)NCCO)C[C@@H](COc1ccc(cc1Cl)Cl)O	ZINC10386217
Cn1c2c(c(=O)n(c1=O)C)n(c(n2)NCCO)C[C@H](COc1ccc(cc1Cl)Cl)O	ZINC10386219
Cn1c2c(c(=O)[nH]c1=O)n(c(n2)NCCO)C[C@@H](COc1ccc(cc1Cl)Cl)O	ZINC10386274
Cn1c2c(c(=O)[nH]c1=O)n(c(n2)NCCO)C[C@H](COc1ccc(cc1Cl)Cl)O	ZINC10386277
Cn1c2c(c(=O)[nH]c1=O)n(c(n2)NCCCOC)C[C@@H](COc1ccc(cc1Cl)Cl)O	ZINC10386281
Cn1c2c(c(=O)[nH]c1=O)n(c(n2)NCCCOC)C[C@H](COc1ccc(cc1Cl)Cl)O	ZINC10386285
CC(C)OCCCNc1nc2c(n1C[C@@H](COc1ccc(cc1Cl)Cl)O)c(=O)[nH]c(=O)n2C	ZINC10386288
CC(C)OCCCNc1nc2c(n1C[C@H](COc1ccc(cc1Cl)Cl)O)c(=O)[nH]c(=O)n2C	ZINC10386290
Cn1c2c(c(=O)[nH]c1=O)n(c(n2)NCCc1ccccc1)C[C@@H](COc1ccc(cc1Cl)Cl)O	ZINC10386363
Cn1c2c(c(=O)[nH]c1=O)n(c(n2)NCCc1ccccc1)C[C@H](COc1ccc(cc1Cl)Cl)O	ZINC10386367
C[C@@H]1CCCN(C1)c1nc2c(n1C[C@@H](COc1ccc(cc1Cl)Cl)O)c(=O)[nH]c(=O)n2C	ZINC10386378
C[C@H]1CCCN(C1)c1nc2c(n1C[C@@H](COc1ccc(cc1Cl)Cl)O)c(=O)[nH]c(=O)n2C	ZINC10386381
C[C@@H]1CCN(CC1)c1nc2c(n1C[C@@H](COc1ccc(cc1Cl)Cl)O)c(=O)[nH]c(=O)n2C	ZINC10386384
C[C@H]1CCN(CC1)c1nc2c(n1C[C@H](COc1ccc(cc1Cl)Cl)O)c(=O)[nH]c(=O)n2C	ZINC10386388
CCCn1c2c(c(=O)n(c1=O)CC(=O)Nc1cccc(c1)OC)n(c(n2)C)CCOC	ZINC10883430
CCCn1c2c(c(=O)n(c1=O)CC(=O)Nc1ccc(cc1)Cl)n(c(n2)C)CCOC	ZINC10884003
CCCn1c2c(c(=O)n(c1=O)CC(=O)Nc1ccc(cc1)Oc1ccccc1)n(c(n2)C)CCOC	ZINC10884243
Cn1c2c(cc(n2CCOC)C(=O)Nc2ccccc2C(=O)N)c(=O)n(c1=O)C	ZINC11835557
Cn1c2c(cc(n2CCCOC)C(=O)Nc2ccccc2C(=O)N)c(=O)n(c1=O)C	ZINC11845121
CCn1c2c(cc(cc2nc1c1cccc(c1)OC)NC(=O)C)C(=O)N1CCC[C@H](C1)OC	ZINC11910634
CCn1c2c(cc(cc2nc1c1cccc(c1)OC)NC(=O)C)C(=O)N1CCC[C@@H](C1)OC	ZINC11910635
CCc1nc2cc(cc(c2n1C)NC(=O)c1ccccc1OC)C(=O)NCCCOc1cccnc1	ZINC12151499
CCCNc1nc2c(n1C[C@H](COc1ccc(cc1)C)O)c(=O)n(c(=O)n2C)C	ZINC12232276
CCCNc1nc2c(n1C[C@@H](COc1ccc(cc1)C)O)c(=O)n(c(=O)n2C)C	ZINC12232280
Cc1ccc(cc1)OC[C@@H](Cn1c2c(nc1NCCCOC)n(c(=O)n(c2=O)C)C)O	ZINC12232320
Cc1ccc(cc1)OC[C@H](Cn1c2c(nc1NCCCOC)n(c(=O)n(c2=O)C)C)O	ZINC12232323
CCCNc1nc2c(n1C[C@H](COc1ccc(cc1Cl)Cl)O)c(=O)[nH]c(=O)n2C	ZINC12232336
CCCNc1nc2c(n1C[C@@H](COc1ccc(cc1Cl)Cl)O)c(=O)[nH]c(=O)n2C	ZINC12232340
C[C@@H]1CCc2c(nc(n(c2=O)CC(=O)NC[C@@H]2CCCO2)N)C1	ZINC12240170
C[C@H]1CCc2c(nc(n(c2=O)CC(=O)NC[C@@H]2CCCO2)N)C1	ZINC12240172
C[C@@H]1CCc2c(nc(n(c2=O)CC(=O)NC[C@H]2CCCO2)N)C1	ZINC12240175
C[C@H]1CCc2c(nc(n(c2=O)CC(=O)NC[C@H]2CCCO2)N)C1	ZINC12240178
CCc1cccc(c1)OC[C@H](Cn1c2c(=O)[nH]c(=O)n(c2nc1N1CCC[C@H](C1)C)C)O	ZINC12289085
CCc1cccc(c1)OC[C@@H](Cn1c2c(=O)[nH]c(=O)n(c2nc1N1CCC[C@H](C1)C)C)O	ZINC12289086
C[C@@H]1CCCN(C1)c1nc2c(n1C[C@H](COc1ccc(cc1)OC)O)c(=O)[nH]c(=O)n2C	ZINC12289087
C[C@@H]1CCCN(C1)c1nc2c(n1C[C@H](C)O)c(=O)[nH]c(=O)n2C	ZINC12289088
C[C@@H]1CCCN(C1)c1nc2c(n1C[C@H](COc1ccc(cc1)Cl)O)c(=O)[nH]c(=O)n2C	ZINC12289089
C[C@H]1CCCN(C1)c1nc2c(n1C[C@H](COc1ccc(cc1)Cl)O)c(=O)[nH]c(=O)n2C	ZINC12289090
C[C@@H]1CCCN(C1)c1nc2c(n1C[C@H](COc1ccccc1)O)c(=O)[nH]c(=O)n2C	ZINC12289091
C[C@H]1CCCN(C1)c1nc2c(n1C[C@H](COc1ccccc1)O)c(=O)[nH]c(=O)n2C	ZINC12289092
Cc1cccc(c1)OC[C@@H](Cn1c2c(=O)[nH]c(=O)n(c2nc1N1CCC[C@H](C1)C)C)O	ZINC12289093
C[C@@H]1CCCN(C1)c1nc2c(n1C[C@H](COc1ccc(cc1)Cl)O)c(=O)n(c(=O)n2C)C	ZINC12289095
C[C@H]1CCCN(C1)c1nc2c(n1C[C@H](COc1ccc(cc1)Cl)O)c(=O)n(c(=O)n2C)C	ZINC12289096
C[C@@H]1CCCN(C1)c1nc2c(n1C[C@H](COc1ccc(cc1Cl)Cl)O)c(=O)n(c(=O)n2C)C	ZINC12289099
C[C@H]1CCCN(C1)c1nc2c(n1C[C@H](COc1ccc(cc1Cl)Cl)O)c(=O)n(c(=O)n2C)C	ZINC12289100
C[C@@H]1CCCN(C1)c1nc2c(n1C[C@H](COc1ccc(cc1Cl)Cl)O)c(=O)[nH]c(=O)n2C	ZINC12289104
C[C@H]1CCCN(C1)c1nc2c(n1C[C@H](COc1ccc(cc1Cl)Cl)O)c(=O)[nH]c(=O)n2C	ZINC12289105
C[C@@H]1CCN(CC1)c1nc2c(ncnc2n1[C@H]1[C@H]([C@@H]([C@H](O1)CO)O)O)N	ZINC12318030
C[C@H]1CCN(CC1)c1nc2c(ncnc2n1[C@@H]1[C@H]([C@@H]([C@H](O1)CO)O)O)N	ZINC12318031
c1[nH]c(=O)c2c(n1)n(c(n2)N1CCCCC1)[C@H]1[C@H]([C@@H]([C@H](O1)CO)O)O	ZINC12318129
c1[nH]c(=O)c2c(n1)n(c(n2)N1CCCCC1)[C@@H]1[C@H]([C@@H]([C@H](O1)CO)O)O	ZINC12318130
C[N@H+]1CCN(CC1)c1nc2c(=O)[nH]cnc2n1[C@H]1[C@H]([C@@H]([C@H](O1)CO)O)O	ZINC12318136
C[N@H+]1CCN(CC1)c1nc2c(=O)[nH]cnc2n1[C@@H]1[C@H]([C@@H]([C@H](O1)CO)O)O	ZINC12318138
C[C@H]1CCN(CC1)c1nc2c(=O)[nH]cnc2n1[C@H]1[C@H]([C@@H]([C@H](O1)CO)O)O	ZINC12318139
C[C@@H]1CCN(CC1)c1nc2c(=O)[nH]cnc2n1[C@@H]1[C@H]([C@@H]([C@H](O1)CO)O)O	ZINC12318140
Cn1c(cc2c1c(c(c(c2)OC)OC)OC)C(=O)NCCC(=O)Nc1ccccn1	ZINC12324327
C[N@H+]1CCN(CC1)c1nc2c(=O)[nH]c(nc2n1[C@@H]1[C@H]([C@H]([C@@H](O1)CO)O)O)N	ZINC12340640
[C@@H]([C@@H]([C@H](C(=O)[O-])O)O)([C@@H](C(=O)[O-])O)O	ZINC12359024
CCOc1ccc(cc1)N1C[C@H](Cn2c1nc1c2c(=O)n(c(=O)n1C)CCOC)C	ZINC12374027
CCOc1ccc(cc1)N1C[C@@H](Cn2c1nc1c2c(=O)n(c(=O)n1C)CCOC)C	ZINC12374028
c1ccc(cc1)CCN[C@H]1Nc2c(=O)[nH]c(nc2N1[C@@H]1[C@@H]([C@@H]([C@@H](O1)CO)O)O)N	ZINC12376322
CCc1ccc(cc1)OC[C@@H](Cn1c2c(=O)[nH]c(=O)n(c2nc1NCCCOC)C)O	ZINC12378088
[C@@H]([C@@H]([C@H](C(=O)[O-])O)O)([C@H](C(=O)[O-])O)O	ZINC12405009
C[C@H]1CCN(CC1)c1nc2c(=O)[nH]c(nc2n1[C@H]1[C@H]([C@@H]([C@H](O1)CO)O)O)N	ZINC12407431
C[C@H]1CCN(CC1)c1nc2c(=O)[nH]c(nc2n1[C@@H]1[C@H]([C@@H]([C@H](O1)CO)O)O)N	ZINC12407433
c1[nH]c(=O)c2c(n1)n(c(n2)NCCCCCC[NH3+])[C@H]1[C@H]([C@@H]([C@@H](O1)CO)O)O	ZINC12428234
[C@@H]([C@@H]([C@@H](C(=O)[O-])O)O)(C(=O)[O-])O	ZINC12437226
Cc1ccccc1OC[C@@H](Cn1c2c(=O)[nH]c(=O)n(c2nc1NCCO)C)O	ZINC12463128
Cc1ccccc1OC[C@H](Cn1c2c(=O)[nH]c(=O)n(c2nc1NCCO)C)O	ZINC12463129
c1ccc2c(c1)c(c[nH]2)C[C@H](C(=O)N)NC(=O)[C@H]1CNCCN1C(=O)N1CCOCC1	ZINC12605024
CCOc1ccc(cc1)N1CCCn2c1nc1c2c(=O)n(c(=O)n1C)CCOC	ZINC12647578
CC(C)[N@H+]1CCN(CC1)c1nc2c(n1[C@H]1[C@@H]([C@@H]([C@H](O1)CO)O)O)nc([nH]c2=O)N	ZINC12655829
C[N@H+]1CCN(CC1)c1nc2c(=O)[nH]c(nc2n1[C@H]1[C@H]([C@@H]([C@H](O1)CO)O)O)N	ZINC12657772
C[N@H+]1CCN(CC1)c1nc2c(=O)[nH]c(nc2n1[C@@H]1[C@H]([C@@H]([C@H](O1)CO)O)O)N	ZINC12657776
C[N@H+]1CCN(CC1)c1nc2c(=O)[nH]cnc2n1[C@H]1[C@H]([C@H]([C@H](O1)CO)O)O	ZINC12658809
C[N@@H+]1CCN(CC1)c1nc2c(=O)[nH]cnc2n1[C@H]1[C@@H]([C@H]([C@H](O1)CO)O)O	ZINC12658812
c1[nH]c(=O)c2c(n1)n(c(n2)N1CCOCC1)[C@H]1[C@@H]([C@@H]([C@H](O1)CO)O)O	ZINC12661024
C[N@H+]1CCN(CC1)c1nc2c(=O)[nH]cnc2n1[C@H]1[C@H]([C@H]([C@@H](O1)CO)O)O	ZINC12661595
CCCNC(=O)c1ccccc1NC(=O)c1cccc(c1)OCc1cn2cccc(c2n1)C	ZINC12737576
CCC[N@H+](Cc1[nH]c(=O)c2c(csc2n1)c1ccco1)CC(=O)Nc1ccccc1OC	ZINC12810530
Cc1cc2c(cc1C)occ2CC(=O)N(CCCOC)c1c(n(c(=O)[nH]c1=O)Cc1ccccc1)N	ZINC12905979
CCCCn1c(c(c(=O)[nH]c1=O)N(CCCC)C(=O)c1ccc2c(c1)OCCO2)N	ZINC13010090
CCCCn1c(c(c(=O)[nH]c1=O)N(CCCC)C(=O)C[N@H+]1CCC[C@@H]1c1ccc2c(c1)OCCO2)N	ZINC13031613
CCCCn1c(c(c(=O)[nH]c1=O)N(CCCC)C(=O)C[N@@H+]1CCC[C@H]1c1ccc2c(c1)OCCO2)N	ZINC13031616
CN(c1c(n(c(=O)[nH]c1=O)Cc1ccccc1)N)C(=O)C[N@H+]1CCC[C@@H]1c1ccc2c(c1)OCCO2	ZINC13062893
CN(c1c(n(c(=O)[nH]c1=O)Cc1ccccc1)N)C(=O)C[N@H+]1CCC[C@H]1c1ccc2c(c1)OCCO2	ZINC13062894
c1ccc(cc1)Cn1c(c(c(=O)[nH]c1=O)N(Cc1ccco1)C(=O)Cc1ccc2c(c1)OCCO2)N	ZINC13109976
Cn1c2c(nc1NCCOC)n(c(=O)n(c2=O)Cc1ccc(cc1)OC)C	ZINC13116156
Cn1c2c(c(=O)n(c1=O)C)n(c(n2)NCCCOC)Cc1cccc(c1)OC	ZINC13116307
Cn1c2c(c(=O)n(c1=O)C)n(c(n2)NC[C@H](CO)O)CCc1ccccc1	ZINC13116327
Cn1c2c(c(=O)n(c1=O)C)n(c(n2)NC[C@@H](CO)O)CCc1ccccc1	ZINC13116328
Cn1c2c(c(=O)n(c1=O)C)n(c(n2)NCc1ccco1)CCc1ccccc1	ZINC13116337
CCCCn1c(c(c(=O)[nH]c1=O)N(Cc1ccco1)C(=O)c1cc2ccccc2o1)N	ZINC13121470
Cn1c2c(c(=O)[nH]c1=O)n(c(n2)NCCCn1ccnc1)C[C@H](COc1ccc(cc1)OC)O	ZINC13204532
CCCCNc1nc2c(n1C[C@@H](COc1ccc(cc1)OC)O)c(=O)n(c(=O)n2C)C	ZINC13204741
CCCCNc1nc2c(n1C[C@H](COc1ccc(cc1)OC)O)c(=O)n(c(=O)n2C)C	ZINC13204744
Cn1c2c(c(=O)[nH]c1=O)n(c(n2)NCCCO)C[C@@H](COc1ccc(cc1)OC)O	ZINC13233153
Cn1c2c(c(=O)[nH]c1=O)n(c(n2)NCCCO)C[C@H](COc1ccc(cc1)OC)O	ZINC13233155
CCCCCCNc1nc2c(n1C[C@@H](COc1ccccc1C)O)c(=O)n(c(=O)n2C)C	ZINC13240631
CCCCCCNc1nc2c(n1C[C@H](COc1ccccc1C)O)c(=O)n(c(=O)n2C)C	ZINC13240640
c1[nH]c(=O)c2c(n1)n(c(n2)N1CC[NH2+]CC1)[C@H]1[C@H]([C@@H]([C@H](O1)CO)O)O	ZINC13306038
c1[nH]c(=O)c2c(n1)n(c(n2)N1CC[NH2+]CC1)[C@@H]1[C@H]([C@@H]([C@H](O1)CO)O)O	ZINC13306040
c1[nH]c(=O)c2c(n1)n(c(n2)N1CCN(CC1)CCO)[C@H]1[C@H]([C@@H]([C@H](O1)CO)O)O	ZINC13306048
c1[nH]c(=O)c2c(n1)n(c(n2)N1CCN(CC1)CCO)[C@@H]1[C@H]([C@@H]([C@H](O1)CO)O)O	ZINC13306051
c1[nH]c(=O)c2c(n1)n(c(n2)N1CCOCC1)[C@H]1[C@H]([C@@H]([C@H](O1)CO)O)O	ZINC13306054
c1[nH]c(=O)c2c(n1)n(c(n2)N1CCOCC1)[C@@H]1[C@H]([C@@H]([C@H](O1)CO)O)O	ZINC13306058
[C@@H]([C@@H]([C@@H](C(=O)[O-])O)O)([C@@H](C(=O)[O-])O)O	ZINC13310995
C1COCCN1CCCNc1nc2c(=O)[nH]c(nc2n1[C@H]1[C@@H]([C@@H]([C@H](O1)CO)O)O)N	ZINC13361974
Cc1ccccc1OC[C@H](Cn1c2c(=O)[nH]c(=O)n(c2nc1NCCCO)C)O	ZINC13370159
Cc1ccccc1OC[C@@H](Cn1c2c(=O)[nH]c(=O)n(c2nc1NCCCO)C)O	ZINC13370162
c1[nH]c(=O)c2c(n1)n(c(n2)NCCCCCC[NH3+])[C@H]1[C@H]([C@@H]([C@H](O1)CO)O)O	ZINC13424993
c1[nH]c(=O)c2c(n1)n(c(n2)NCCCCCC[NH3+])[C@@H]1[C@H]([C@@H]([C@H](O1)CO)O)O	ZINC13424994
CCCNc1nc2c(n1C[C@H](COc1ccc(cc1)OC)O)c(=O)n(c(=O)n2C)C	ZINC13425469
CCCNc1nc2c(n1C[C@@H](COc1ccc(cc1)OC)O)c(=O)n(c(=O)n2C)C	ZINC13425470
[C@@H]([C@H]([C@@H](C(=O)[O-])O)O)([C@H](C(=O)[O-])O)O	ZINC13533920
Cn1c2c(c(=O)n(c1=O)C)n(c(n2)NCCOC)Cc1cc(ccc1Cl)OC	ZINC13554313
Cn1c2c(c(=O)n(c1=O)C[C@H](CO)O)n1c(n2)N(CCC1)c1ccccc1	ZINC13582008
Cn1c2c(c(=O)n(c1=O)C[C@@H](CO)O)n1c(n2)N(CCC1)c1ccccc1	ZINC13582011
CCCCn1c(c(c(=O)[nH]c1=O)N(CCOC)C(=O)CN1c2ccccc2C[C@@H]1C)N	ZINC13660958
CCCCn1c(c(c(=O)[nH]c1=O)N(CCOC)C(=O)CN1c2ccccc2C[C@H]1C)N	ZINC13660960
[C@@H]([C@@H]([C@@H](C(=O)[O-])O)O)([C@H](C(=O)[O-])O)O	ZINC13704197
Cn1c2c(c(=O)n(c1=O)C)n(c(n2)N(C)CCO)Cc1cc(ccc1Cl)OC	ZINC13748666
Cc1ccc(cc1)OC[C@H](Cn1c2c(=O)[nH]c(=O)n(c2nc1NCCCO)C)O	ZINC13810809
Cc1ccc(cc1)OC[C@@H](Cn1c2c(=O)[nH]c(=O)n(c2nc1NCCCO)C)O	ZINC13810810
Cn1c2c(c(=O)[nH]c1=O)n(c(n2)NCCC[NH3+])CCCc1ccccc1	ZINC13810832
Cc1ccc(cc1C)OC[C@@H](Cn1c2c(=O)[nH]c(=O)n(c2nc1N1CCC[C@H](C1)C)C)O	ZINC14000237
Cc1ccc(cc1C)OC[C@@H](Cn1c2c(=O)[nH]c(=O)n(c2nc1N1CCC[C@@H](C1)C)C)O	ZINC14000240
CCCCn1c(c(c(=O)[nH]c1=O)N(Cc1ccco1)C(=O)c1cn(c2c(c1=O)ccc(n2)C)CC)N	ZINC14228537
CCCn1c2c(c(=O)n(c1=O)CC(=O)Nc1cc(ccc1OC)C)n(c(n2)C)CCOC	ZINC14358295
CCCn1c2c(c(=O)n(c1=O)CC(=O)Nc1ccccc1OC)n(c(n2)C)CCOC	ZINC14358308
Cc1ccc2c(coc2c1C)CC(=O)N(CCCOC)c1c(n(c(=O)[nH]c1=O)Cc1ccccc1)N	ZINC14508748
Cc1c2ccccc2oc1C(=O)N(CCOC)c1c(n(c(=O)[nH]c1=O)Cc1ccccc1)N	ZINC14511277
CCn1c(c(c2c1ncc(c2)N[C@@H](C)Cc1ccccc1OC)NC(=O)C)C(=O)OC	ZINC14537584
CCn1c(c(c2c1ncc(c2)N[C@H](C)Cc1ccccc1OC)NC(=O)C)C(=O)OC	ZINC14537585
CC(=O)Nc1c2cc(cnc2n(c1C(=O)OC)C)NCc1ccc(c(c1)OC)O	ZINC14539560
CCCCn1c(c(c(=O)[nH]c1=O)N(CCCC)C(=O)[C@H]1CC(=O)N(C1)c1ccc2c(c1)OCCO2)N	ZINC14623792
CCCCn1c(c(c(=O)[nH]c1=O)N(CCCC)C(=O)[C@@H]1CC(=O)N(C1)c1ccc2c(c1)OCCO2)N	ZINC14623793
CCCCn1c(c(c(=O)[nH]c1=O)N(CCOC)C(=O)Cc1coc2c1ccc(c2C)C)N	ZINC14624250
CCCCn1c(c(c(=O)[nH]c1=O)N(CCOC)C(=O)Cc1coc2c1ccc(c2)C)N	ZINC14624362
CCCCn1c(c(c(=O)[nH]c1=O)N(CCOC)C(=O)Cc1coc2c1cc(c(c2)C)C)N	ZINC14624427
CCCCn1c(c(c(=O)[nH]c1=O)N(Cc1ccccc1)C(=O)c1c(c2ccccc2o1)C)N	ZINC14625134
CCCCn1c(c(c(=O)[nH]c1=O)N(Cc1ccco1)C(=O)c1ccc2ccccc2n1)N	ZINC14653155
CCCCn1c(c(c(=O)[nH]c1=O)N(Cc1ccco1)C(=O)c1ccc2ccccc2c1)N	ZINC14653248
CCCCn1c(c(c(=O)[nH]c1=O)N(Cc1ccco1)C(=O)c1cc(nc2c1cccc2)C)N	ZINC14653692
CCCCn1c(c(c(=O)[nH]c1=O)N(Cc1ccccc1OC)C(=O)Cn1c(cc2c1cccc2)C)N	ZINC14671161
Cn1c(c(c2c1ncc(c2)NCc1ccc(c(c1)OC)O)NC(=O)c1ccc(cc1)OC)C(=O)OC	ZINC14743942
CCCn1c(c(c(=O)[nH]c1=O)N(CCOC)C(=O)Cc1coc2c1ccc(c2C)C)N	ZINC14911576
CCCn1c(c(c(=O)[nH]c1=O)N(CCOC)C(=O)Cc1coc2c1ccc(c2)C)N	ZINC14911652
CCCn1c(c(c(=O)[nH]c1=O)N(CCOC)C(=O)Cc1coc2c1cc(c(c2)C)C)N	ZINC14911681
CCCCNc1nc2c(ncnc2n1[C@@H]1[C@H]([C@@H]([C@H](O1)CO)O)O)N	ZINC15223563
CCCCn1c(c(c(=O)[nH]c1=O)N(Cc1ccco1)C(=O)Cn1c(cc2c1cccc2)C)N	ZINC15605025
c1ccc(cc1)CNc1nc2c(n1[C@H]1[C@H]([C@H]([C@@H](O1)CO)O)O)nc[nH]c2=O	ZINC15952926
c1ccc(cc1)CNc1nc2c(n1[C@@H]1[C@H]([C@H]([C@@H](O1)CO)O)O)nc[nH]c2=O	ZINC15952927
c1ccc(cc1)CNc1nc2c(=O)[nH]c(nc2n1[C@H]1[C@H]([C@@H]([C@H](O1)CO)O)O)N	ZINC16029704
c1ccc(cc1)CNc1nc2c(=O)[nH]c(nc2n1[C@@H]1[C@H]([C@@H]([C@H](O1)CO)O)O)N	ZINC16029706
C[N@H+]1CCN(CC1)c1nc2c(ncnc2n1[C@H]1[C@H]([C@@H]([C@@H](O1)CO)O)O)N	ZINC16035856
C[N@H+]1CCN(CC1)c1nc2c(ncnc2n1[C@@H]1[C@H]([C@@H]([C@@H](O1)CO)O)O)N	ZINC16035857
C[N@H+]1CCN(CC1)c1nc2c(ncnc2n1[C@H]1[C@H]([C@@H]([C@H](O1)CO)O)O)N	ZINC16035858
C[N@H+]1CCN(CC1)c1nc2c(ncnc2n1[C@@H]1[C@H]([C@@H]([C@H](O1)CO)O)O)N	ZINC16035859
CCn1c2c(=O)[nH]c(=O)n(c2nc1N1CCN(CC1)C[C@H](c1c(n(c2c1cc(cc2)OC)C)C)O)C	ZINC16036739
c1ccc(cc1)CNc1nc2c(=O)[nH]cnc2n1[C@H]1[C@H]([C@@H]([C@@H](O1)CO)O)O	ZINC16480200
c1ccc(cc1)CNc1nc2c(=O)[nH]cnc2n1[C@H]1[C@H]([C@@H]([C@H](O1)CO)O)O	ZINC16480203
c1ccc(cc1)CNc1nc2c(=O)[nH]cnc2n1[C@@H]1[C@H]([C@@H]([C@H](O1)CO)O)O	ZINC16480207
c1nc2c(c(=O)[nH]1)nc(n2[C@H]1[C@H]([C@@H]([C@@H](O1)CO)O)O)N1CCN(CC1)C[C@@H](CO)O	ZINC16546180
c1nc2c(c(=O)[nH]1)nc(n2[C@@H]1[C@H]([C@@H]([C@@H](O1)CO)O)O)N1CCN(CC1)C[C@@H](CO)O	ZINC16546184
C[C@@]1([C@H]([C@@H]([C@@](O1)(C)n1c2c(c(=O)[nH]cn2)nc1N1CCOCC1)O)O)CO	ZINC16577158
CCCNc1nc2c(n1C[C@H](COc1ccccc1Cl)O)c(=O)[nH]c(=O)n2C	ZINC16839413
CCCNc1nc2c(n1C[C@@H](COc1ccccc1Cl)O)c(=O)[nH]c(=O)n2C	ZINC16839415
CCCNc1nc2c(n1C[C@H](COc1ccccc1Cl)O)c(=O)n(c(=O)n2C)C	ZINC16839453
CCCNc1nc2c(n1C[C@@H](COc1ccccc1Cl)O)c(=O)n(c(=O)n2C)C	ZINC16839455
CCCCNc1nc2c(n1C[C@H](COc1ccccc1Cl)O)c(=O)n(c(=O)n2C)C	ZINC16839457
CCCCNc1nc2c(n1C[C@@H](COc1ccccc1Cl)O)c(=O)n(c(=O)n2C)C	ZINC16839459
CCCCCNc1nc2c(n1C[C@H](COc1ccccc1Cl)O)c(=O)n(c(=O)n2C)C	ZINC16839466
CCCCCNc1nc2c(n1C[C@@H](COc1ccccc1Cl)O)c(=O)n(c(=O)n2C)C	ZINC16839468
Cc1cn(c(=O)nc1NCCc1c[nH]c2c1cccc2)[C@@H]1C[C@@H]([C@H](O1)CO)O	ZINC16940374
C[N@H+]1CCN(CC1)c1nc2c(n1[C@H]1[C@H]([C@H]([C@@H](O1)CO)O)O)nc([nH]c2=O)N	ZINC17139032
C(=O)[C@@H]([C@H]([C@@H]([C@@H](C(=O)[O-])O)O)O)O	ZINC18141652
CCCn1c2ccccc2nc1NC(=O)CCN1c2ccccc2O[C@@H](C1=O)C	ZINC18183632
CCCn1c2ccccc2nc1NC(=O)CCN1c2ccccc2O[C@H](C1=O)C	ZINC18183633
c1[nH]c(=O)c2c(n1)n(c(n2)N1CC[NH2+]CC1)[C@H]1[C@H]([C@@H]([C@@H](O1)CO)O)O	ZINC18995903
c1[nH]c(=O)c2c(n1)n(c(n2)N1CC[NH2+]CC1)[C@@H]1[C@H]([C@@H]([C@@H](O1)CO)O)O	ZINC18995907
C[N@H+]1CCN(CC1)c1nc2c(=O)[nH]cnc2n1[C@@H]1[C@H]([C@@H]([C@@H](O1)CO)O)O	ZINC19117427
c1[nH]c(=O)c2c(n1)n(c(n2)N1CCN(CC1)CCO)[C@H]1[C@H]([C@@H]([C@@H](O1)CO)O)O	ZINC19142457
c1[nH]c(=O)c2c(n1)n(c(n2)N1CCN(CC1)CCO)[C@@H]1[C@H]([C@@H]([C@@H](O1)CO)O)O	ZINC19142461
Cn1c2c(c(=O)[nH]c1=O)n(c(n2)NCCN1CCOCC1)C[C@H](c1ccccc1)O	ZINC19200206
Cn1c2c(c(=O)[nH]c1=O)n(c(n2)NCCN1CCOCC1)C[C@@H](c1ccccc1)O	ZINC19200209
CCn1c(nc2c1ccc(c2)C(=O)NCc1cc(=O)[nH]c(n1)N1CCOCC1)C	ZINC19524193
COCCOc1cc(ccc1OC)CN1C[C@H](c2c1cccc2)CN1CCOCC1	ZINC19593614
COCCOc1cc(ccc1OC)CN1C[C@@H](c2c1cccc2)CN1CCOCC1	ZINC19593615
COCCOc1ccc(cc1OC)CN1C[C@H](c2c1cccc2)CN1CCOCC1	ZINC19593745
COCCOc1ccc(cc1OC)CN1C[C@@H](c2c1cccc2)CN1CCOCC1	ZINC19593747
Cc1[nH+]ccn1CCC(=O)N1CCc2c(cc(c(n2)N)C(=O)NCc2cccc(c2)OC)C1	ZINC19701031
CN1C[C@H](CC1=O)C(=O)N1CCc2c(cc(c(n2)N)C(=O)Nc2ccccc2OC)C1	ZINC19701096
CN1C[C@@H](CC1=O)C(=O)N1CCc2c(cc(c(n2)N)C(=O)Nc2ccccc2OC)C1	ZINC19701097
Cc1c(n(c2c1cc(cc2)NC(=O)c1c[nH]c2c(c1=O)cccc2OC)CCOC)C	ZINC19715005
C[C@H](CNC(=O)c1c(c2cc(ccc2[nH]1)OC)NC(=O)C)N1CCOCC1	ZINC19719866
C[C@@H](CNC(=O)c1c(c2cc(ccc2[nH]1)OC)NC(=O)C)N1CCOCC1	ZINC19719867
c1ccc(cc1)CN1CCN(CC1)c1nc2c(=O)[nH]cnc2n1[C@H]1[C@@H]([C@@H]([C@H](O1)CO)O)O	ZINC19926700
c1[nH]c(=O)c2c(n1)n(c(n2)N1CCOCC1)[C@H]1[C@H]([C@H]([C@H](O1)CO)O)O	ZINC19990545
c1[nH]c(=O)c2c(n1)n(c(n2)N1CCOCC1)[C@H]1[C@@H]([C@H]([C@H](O1)CO)O)O	ZINC19990551
C[C@H]1CCN(CC1)C1=NC(=O)[C@@H](N1)CC(=O)Nc1ccc2c(c1)OCCO2	ZINC20028177
C[C@H]1CCN(CC1)C1=NC(=O)[C@H](N1)CC(=O)Nc1ccc2c(c1)OCCO2	ZINC20028178
Cn1c2c(c(=O)[nH]c1=O)n(c(n2)NCCN1CCOCC1)C[C@H](COc1ccccc1)O	ZINC20059804
Cn1c2c(c(=O)[nH]c1=O)n(c(n2)NCCN1CCOCC1)C[C@@H](COc1ccccc1)O	ZINC20059806
Cn1c2c(c(=O)[nH]c1=O)n(c(n2)NCCCN1CCOCC1)C[C@H](c1ccccc1)O	ZINC20059809
Cn1c2c(c(=O)[nH]c1=O)n(c(n2)NCCCN1CCOCC1)C[C@@H](c1ccccc1)O	ZINC20059812
c1[nH]c(=O)c2c(n1)n(c(n2)N1CCN(CC1)CCO)[C@@H]1[C@H]([C@H]([C@@H](O1)CO)O)O	ZINC20111426
CCn1c2c(=O)[nH]c(=O)n(c2nc1N1CCN(CC1)C[C@@H](c1c(n(c2c1cc(cc2)OC)C)C)O)C	ZINC20111653
C1COCCN1CCCNc1nc2c(=O)[nH]c(nc2n1[C@@H]1[C@H]([C@H]([C@@H](O1)CO)O)O)N	ZINC20432144
CC[C@@H](C)[N@@H+](CCNC(=O)c1cn(c(=O)c2c1cccc2)c1ccc(cc1)OC)Cc1ccco1	ZINC20509006
CCCCn1c(c(c(=O)[nH]c1=O)N(CC)C(=O)c1c(c2ccccc2o1)COc1ccccc1)N	ZINC21084772
Cc1c(c(=O)[nH]c(n1)N1CCOCC1)CCC(=O)NCCc1ccc2c(c1)OCO2	ZINC21402800
CC[NH+]1CCN(CC1)c1nc2c(s1)c(=O)n(cn2)CC(=O)Nc1ccc2c(c1)OCO2	ZINC21886410
CC[NH+]1CCN(CC1)c1nc2c(s1)c(=O)n(cn2)CC(=O)Nc1ccc2c(c1)OCCO2	ZINC21886412
CC[NH+]1CCN(CC1)c1nc2c(s1)c(=O)n(cn2)CC(=O)NCc1ccc2c(c1)OCO2	ZINC21886476
CCCCn1c(c(c(=O)[nH]c1=O)N(Cc1ccco1)C(=O)c1cnc2ccccc2n1)N	ZINC21892655
C(C[NH2+][C@@H](CC(=O)[O-])C(=O)[O-])N[C@@H](CC(=O)[O-])C(=O)[O-]	ZINC22040791
CCCn1c(c(c(=O)[nH]c1=O)N(CCOC)C(=O)Cn1c2c(nc1Cl)n(c(=O)n(c2=O)C)C)N	ZINC22425156
CCc1nc2ccccc2n1CC(=O)N(CCOC)c1c(n(c(=O)[nH]c1=O)Cc1ccccc1)N	ZINC22558350
C(C[NH2+][C@H](CC(=O)[O-])C(=O)[O-])N[C@H](CC(=O)[O-])C(=O)[O-]	ZINC22589819
CCCn1c(c(c2c1ccc(c2)OC)C(=O)Nc1cccc(c1)NC(=O)c1ccco1)C	ZINC23017324
Cn1c2c(c(=O)n(c1=O)C)n(c(n2)NCCCOC)C[C@H](c1ccccc1)O	ZINC23115245
Cn1c2c(c(=O)n(c1=O)C)n(c(n2)NCCCOC)C[C@@H](c1ccccc1)O	ZINC23115247
CCCNc1nc2c(n1C[C@H](COc1ccc3ccccc3c1)O)c(=O)n(c(=O)n2C)C	ZINC23115282
CCCNc1nc2c(n1C[C@@H](COc1ccc3ccccc3c1)O)c(=O)n(c(=O)n2C)C	ZINC23115283
CCCn1c2ccccc2nc1NC(=O)[C@@H]1CN(c2ccccc2O1)C(=O)C	ZINC23293287
CCCn1c2ccccc2nc1NC(=O)[C@H]1CN(c2ccccc2O1)C(=O)C	ZINC23293290
C(CN[C@@H](CC(=O)[O-])C(=O)[O-])[NH2+][C@H](CC(=O)[O-])C(=O)[O-]	ZINC23377883
CCOc1ccc(cc1)NC(=O)C[C@@H]1C(=O)N(c2n1c1ccccc1n2)CCCOC	ZINC23411165
CCOc1ccc(cc1)NC(=O)C[C@H]1C(=O)N(c2n1c1ccccc1n2)CCCOC	ZINC23411168
COCCCN1c2nc3ccccc3n2[C@@H](C1=O)CC(=O)Nc1cc(ccc1OC)OC	ZINC23411215
COCCCN1c2nc3ccccc3n2[C@H](C1=O)CC(=O)Nc1cc(ccc1OC)OC	ZINC23411218
CCCCn1c(c(c(=O)[nH]c1=O)N(CC)C(=O)C[N@H+]1CCC[C@@H]1c1ccc2c(c1)OCCCO2)N	ZINC23731376
CCCCn1c(c(c(=O)[nH]c1=O)N(CC)C(=O)C[N@@H+]1CCC[C@H]1c1ccc2c(c1)OCCCO2)N	ZINC23731379
Cc1c(c(=O)[nH]c(n1)N1CCOCC1)CCC(=O)NCc1cn2ccccc2n1	ZINC23754572
Cn1c2c(c(=O)[nH]c1=O)n(c(n2)N1CC[N@H+](CC1)C)C[C@H](COc1ccc(cc1)Cl)O	ZINC25762449
Cn1c2c(c(=O)[nH]c1=O)n(c(n2)N1CC[N@H+](CC1)C)C[C@@H](COc1ccc(cc1)Cl)O	ZINC25762454
Cc1cnc(cn1)C(=O)Nc1ccc(cc1)C[NH+]1CCCC1	ZINC28165713
C[C@@]12CCC(=O)N1c1ccccc1C(=O)N2CCC(=O)Nc1c(ccc[nH+]1)O	ZINC28869273
C[C@]12CCC(=O)N1c1ccccc1C(=O)N2CCC(=O)Nc1c(ccc[nH+]1)O	ZINC28869276
Cc1ccc(c(c1)NC(=O)C[C@@H]1C(=O)N(c2n1c1ccccc1n2)CCCOC)OC	ZINC32581141
Cc1ccc(c(c1)NC(=O)C[C@H]1C(=O)N(c2n1c1ccccc1n2)CCCOC)OC	ZINC32581142
C[C@@H]1CC[N@H+](CC1)Cc1nc2c(c3c(s2)CCC3)c(=O)n1CC(=O)Nc1ccc2c(c1)OCCO2	ZINC32747309
CCCCn1c(c(c(=O)[nH]c1=O)N(CC)Cc1nc2ccccc2o1)N	ZINC32879612
CCC(=O)Nc1ccc2c(c1)nc(n2C)CCNC(=O)c1ccccc1OC	ZINC33025929
Cn1c2ccc(cc2nc1CCNC(=O)c1ccccc1OC)NC(=O)c1ccc(c(c1)OC)OC	ZINC33025962
Cc1ccccc1OCC(=O)Nc1ccc2c(c1)nc(n2C)CCNC(=O)c1ccccc1OC	ZINC33025980
Cc1cccc(c1)OCC(=O)Nc1ccc2c(c1)nc(n2C)CCNC(=O)c1ccccc1OC	ZINC33025983
Cc1ccc(cc1)OCC(=O)Nc1ccc2c(c1)nc(n2C)CCNC(=O)c1ccccc1OC	ZINC33025986
Cn1c2ccc(cc2nc1CCNC(=O)c1ccccc1OC)NC(=O)COc1ccccc1OC	ZINC33025989
Cn1c2ccc(cc2nc1CCNC(=O)c1ccccc1OC)NC(=O)COc1ccc(cc1)OC	ZINC33025992
c1nc2c(c(=O)[nH]1)nc(n2[C@@H]1[C@@H]([C@@H]([C@@H](O1)CO)O)O)N1CCN(CC1)C[C@@H](CO)O	ZINC33709097
c1nc2c(c(=O)[nH]1)nc(n2[C@H]1[C@@H]([C@@H]([C@@H](O1)CO)O)O)N1CCN(CC1)C[C@@H](CO)O	ZINC33709098
C[C@@]1([C@@H]([C@@H]([C@@](O1)(C)n1c2c(c(=O)[nH]cn2)nc1N1CCOCC1)O)O)CO	ZINC33726210
C[C@]1([C@@H]([C@@H]([C@@](O1)(C)n1c2c(c(=O)[nH]cn2)nc1N1CCOCC1)O)O)CO	ZINC33726211
c1nc2c(c(=O)[nH]1)nc(n2[C@@H]1[C@@H]([C@@H]([C@@H](O1)CO)O)O)N1CCN(CC1)CCO	ZINC33907378
c1nc2c(c(=O)[nH]1)nc(n2[C@H]1[C@@H]([C@@H]([C@@H](O1)CO)O)O)N1CCN(CC1)CCO	ZINC33907379
C[N@H+]1CCN(CC1)c1nc2c(ncnc2n1[C@@H]1[C@@H]([C@@H]([C@@H](O1)CO)O)O)N	ZINC33923630
C[N@H+]1CCN(CC1)c1nc2c(ncnc2n1[C@H]1[C@@H]([C@@H]([C@@H](O1)CO)O)O)N	ZINC33923631
c1nc2c(c(=O)[nH]1)nc(n2[C@H]1[C@@H]([C@@H]([C@@H](O1)CO)O)O)N1CC[NH2+]CC1	ZINC34118426
C[N@@H+]1CCN(CC1)c1nc2c(n1[C@H]1[C@@H]([C@@H]([C@@H](O1)CO)O)O)nc[nH]c2=O	ZINC34118427
CCCNC(=O)c1cccn2c1ncc(c2=O)NC(=O)c1ccco1	ZINC35023125
c1[nH]c(=O)c2c(n1)n(c(n2)N1CC[NH2+]CC1)[C@@H]1[C@@H]([C@@H]([C@@H](O1)CO)O)O	ZINC35882630
C[N@H+]1CCN(CC1)c1nc2c(n1[C@@H]1[C@@H]([C@@H]([C@@H](O1)CO)O)O)nc[nH]c2=O	ZINC36022144
Cn1cc(c(c1c1nc2cc(ccc2n1C)NC(=O)c1cccs1)O)C(=O)N1CCOCC1	ZINC36358252
c1nc2c(c(=O)[nH]1)nc(n2[C@H]1[C@H]([C@H]([C@@H](O1)CO)O)O)N1CCCCC1	ZINC36589927
c1nc2c(c(=O)[nH]1)nc(n2[C@H]1[C@H]([C@H]([C@@H](O1)CO)O)O)N1CC[NH2+]CC1	ZINC36596709
CC(=O)NCCCCCC(=O)N1C[C@@H](C[C@@H]1C(=O)[O-])O	ZINC37449193
CC(=O)NCCCCCC(=O)N1C[C@H](C[C@@H]1C(=O)[O-])O	ZINC37449194
CC(=O)NCCCCCC(=O)N1C[C@@H](C[C@H]1C(=O)[O-])O	ZINC37449195
CC(=O)NCCCCCC(=O)N1C[C@H](C[C@H]1C(=O)[O-])O	ZINC37449196
C[C@@H]1C[C@@H]1C(=O)NCCC(=O)N1C[C@@H](C[C@@H]1C(=O)[O-])O	ZINC37449831
C[C@H]1C[C@@H]1C(=O)NCCC(=O)N1C[C@@H](C[C@@H]1C(=O)[O-])O	ZINC37449832
C[C@@H]1C[C@H]1C(=O)NCCC(=O)N1C[C@@H](C[C@@H]1C(=O)[O-])O	ZINC37449833
C[C@H]1C[C@H]1C(=O)NCCC(=O)N1C[C@@H](C[C@@H]1C(=O)[O-])O	ZINC37449834
Cc1cccc(c1)OC[C@@H](Cn1c2c(=O)[nH]c(=O)n(c2nc1NCCCOC(C)C)C)O	ZINC37866242
[C@H]([C@@H]([C@@H](C(=O)[O-])O)O)(C(=O)[O-])O	ZINC38545471
[C@@H]([C@@H]([C@H](C(=O)[O-])O)O)(C(=O)[O-])O	ZINC38545472
c1ccc(cc1)CCN[C@@H]1Nc2c(=O)[nH]c(nc2N1[C@@H]1[C@@H]([C@@H]([C@@H](O1)CO)O)O)N	ZINC39939866
Cc1cccc(c1C)NC(=O)CN1CC[NH+](CC1)Cc1nc([O-])c2c(n1)c1ccccc1o2	ZINC39990619
c1ccc(c(c1)C[NH+]1CCCC1)NC(=O)c1cnccn1	ZINC40090878
Cc1cnc(cn1)C(=O)Nc1ccccc1C[NH+]1CCCC1	ZINC40090880
Cc1ccc(cn1)C(=O)Nc1ccccc1C[NH+]1CCCC1	ZINC40090889
CCCCn1c(c(c(=O)[nH]c1=O)N(C)C(=O)c1ccc(o1)COc1ccc2c(c1)CCC(=O)N2)N	ZINC40146527
c1ccc2c(c1)nc(n2CC(=O)Nc1ccc2c(c1)OCCO2)CCNC(=O)C1CCCCC1	ZINC40299364
c1ccc2c(c1)nc(n2CC(=O)Nc1ccc2c(c1)OCCO2)CCNC(=O)[C@@H]1CCCO1	ZINC40299457
c1ccc2c(c1)nc(n2CC(=O)Nc1ccc2c(c1)OCCO2)CCNC(=O)[C@H]1CCCO1	ZINC40299458
c1ccc2c(c1)nc(n2CC(=O)Nc1ccc2c(c1)OCCO2)CCNC(=O)c1ccco1	ZINC40299520
c1ccc(cc1)C(=O)NCCc1nc2ccccc2n1CC(=O)Nc1ccc2c(c1)OCCO2	ZINC40299569
C[C@@H]1CCCCN1c1[nH]c(=O)c2c(n1)NC(=O)C[C@@H]2C(=O)Nc1ccc2c(c1)OCO2	ZINC40389081
C[C@H]1CCCCN1c1[nH]c(=O)c2c(n1)NC(=O)C[C@@H]2C(=O)Nc1ccc2c(c1)OCO2	ZINC40389083
C[C@@H]1CCCCN1c1[nH]c(=O)c2c(n1)NC(=O)C[C@@H]2C(=O)Nc1ccc2c(c1)OCCO2	ZINC40389086
C[C@H]1CCCCN1c1[nH]c(=O)c2c(n1)NC(=O)C[C@@H]2C(=O)Nc1ccc2c(c1)OCCO2	ZINC40389088
CC[C@@H]1CCCCN1c1[nH]c(=O)c2c(n1)NC(=O)C[C@@H]2C(=O)Nc1ccc2c(c1)OCO2	ZINC40390520
CC[C@H]1CCCCN1c1[nH]c(=O)c2c(n1)NC(=O)C[C@@H]2C(=O)Nc1ccc2c(c1)OCO2	ZINC40390522
Cc1ccc2cccc(c2n1)Oc1c(c(ncn1)Nc1cc(cc(c1)C(=O)OC)C(=O)OC)N	ZINC40705655
CCn1cc(c(=O)c2c1nc(cc2)C)C(=O)Nc1ccc(cc1)c1[nH]c2ccccc2n1	ZINC44441883
CCn1cc(c(=O)c2c1nc(cc2)C)C(=O)Nc1cccc(c1)c1[nH]c2ccccc2n1	ZINC44441911
Cc1[nH+]ccn1CCNC(=O)CN1CCN(C1=O)c1ccc2c(c1)OCCO2	ZINC49389523
CCCCCC(=O)Oc1cccc(c1)NC(=O)CN1CCCC1=O	ZINC51909809
CCCCn1c(c(c(=O)[nH]c1=O)N(CC)C(=O)c1c(c2cccc(c2o1)C)C)N	ZINC52955702
COC(=O)[C@@H]1C[C@H](CN1C(=O)CC[NH+]1CCCCCCC1)O	ZINC55061073
CC(C)O[C@H]1CN(C[C@@H]1O)C(=O)CCC(=O)NC1CCCC1	ZINC55099212
COC(=O)[C@@H]1C[C@H](CN1C(=O)CCC(=O)NC1CCCCCC1)O	ZINC55384831
Cn1c2c(c(=O)n(c1=O)C)n(cn2)CCNc1cccc2c1OCCO2	ZINC55893941
CCCCn1c2c(c(=O)[nH]c1=O)n(c(n2)CNc1cccc2c1OCCO2)C	ZINC55893986
CCCCn1c(c(c(=O)[nH]c1=O)N(CC)C(=O)c1cc2cc(ccc2o1)C)N	ZINC58044626
CCOCCCNC(=O)c1ccccc1NC(=O)Cn1cnc2c1c(=O)n(c(=O)n2C)C	ZINC59329017
c1cc(ccc1N1CCN(CC1)c1nc2c(=O)[nH]cnc2n1[C@@H]1[C@@H]([C@@H]([C@@H](O1)CO)O)O)Cl	ZINC59366502
c1cc(ccc1N1CCN(CC1)c1nc2c(=O)[nH]cnc2n1[C@H]1[C@@H]([C@@H]([C@@H](O1)CO)O)O)Cl	ZINC59366503
c1cc(ccc1N1CCN(CC1)c1nc2c(=O)[nH]cnc2n1[C@@H]1[C@H]([C@@H]([C@@H](O1)CO)O)O)Cl	ZINC59366504
c1cc(ccc1N1CCN(CC1)c1nc2c(=O)[nH]cnc2n1[C@H]1[C@H]([C@@H]([C@@H](O1)CO)O)O)Cl	ZINC59366505
c1[nH]c(=O)c2c(n1)n(c(n2)N1CCN(CC1)C[C@H](CO)O)[C@@H]1[C@@H]([C@@H]([C@@H](O1)CO)O)O	ZINC59369417
c1[nH]c(=O)c2c(n1)n(c(n2)N1CCN(CC1)C[C@H](CO)O)[C@H]1[C@@H]([C@@H]([C@@H](O1)CO)O)O	ZINC59369419
CC(=O)Nc1ccc2c(c1)nc([nH]2)c1ccc(cc1O)NC(=O)C	ZINC59502869
CCCCn1c2c(c(=O)[nH]c1=O)n(c(n2)CNc1ccccc1[NH+]1CCC(CC1)O)CC	ZINC59806897
CCOC(=O)CCCNC(=O)C[N@H+]1CC[C@@H](C1)O	ZINC61708608
CCCCn1c2c(c(=O)[nH]c1=O)n(c(n2)CNc1ccc2c(c1)OCCO2)CC	ZINC61803783
COC(=O)[C@@H]1C[C@H](CN1CCC(=O)NC1CCCCCC1)O	ZINC65406431
CCCCn1c2c(c(=O)[nH]c1=O)n(c(n2)CNc1cccc(c1)C(=O)N1CCC[C@@H](C1)O)CC	ZINC65566354
CCCCn1c2c(c(=O)[nH]c1=O)n(c(n2)CNc1cccc(c1)C(=O)N1CCC[C@H](C1)O)CC	ZINC65566356
CCCCOC(=O)C[C@@H]1C(=O)NCCN1C(=O)C[NH2+]C[C@@H]1CCCO1	ZINC66214080
CCCCOC(=O)C[C@H]1C(=O)NCCN1C(=O)C[NH2+]C[C@@H]1CCCO1	ZINC66214081
CCCCOC(=O)C[C@@H]1C(=O)NCCN1C(=O)C[NH2+]C[C@H]1CCCO1	ZINC66214082
CCCCOC(=O)C[C@H]1C(=O)NCCN1C(=O)C[NH2+]C[C@H]1CCCO1	ZINC66214083
CC1(CCCC1)CNC(=O)[C@@H]1C[C@H](CN1C(=O)OCc1ccccc1)O	ZINC66650878
CC[NH+]1CCN(CC1)c1nc2c(s1)c(=O)n(cn2)CC(=O)NCc1ccco1	ZINC67225864
Cc1c(c(=O)n(c(n1)c1ccccc1)CC(=O)Nc1ccc2c(c1)OCO2)CCO	ZINC67300307
Cc1c(c(=O)n(c(n1)c1ccccc1)CC(=O)Nc1ccc2c(c1)OCCO2)CCO	ZINC67300324
Cc1c(c(=O)n(c(n1)c1ccc(cc1)Cl)CC(=O)Nc1ccc2c(c1)OCCO2)CCO	ZINC67300662
Cc1c(c(=O)n(c(n1)c1cccc(c1)Cl)CC(=O)Nc1ccc2c(c1)OCO2)CCO	ZINC67301705
Cc1c(c(=O)n(c(n1)c1cccc(c1)Cl)CC(=O)Nc1ccc2c(c1)OCCO2)CCO	ZINC67301730
CCCCCNC(=O)[C@@H]1C[C@H](CN1C(=O)OCc1ccccc1)O	ZINC68509730
CCCCNC(=O)[C@@H]1C[C@H](CN1C(=O)OCc1ccccc1)O	ZINC68510483
CCCCCCNC(=O)[C@@H]1C[C@H](CN1C(=O)OCc1ccccc1)O	ZINC68511847
C[C@@H]1C(=O)N(c2ccccc2O1)CCC(=O)NC1CCN(CC1)c1[nH]c2ccccc2[nH+]1	ZINC69380023
C[C@H]1C(=O)N(c2ccccc2O1)CCC(=O)NC1CCN(CC1)c1[nH]c2ccccc2[nH+]1	ZINC69380033
CCCCn1c(c(c(=O)[nH]c1=O)N(Cc1ccco1)C(=O)[C@@H](C)c1ccc2cc(ccc2c1)OC)N	ZINC72003805
Cc1nccc(n1)N1CCC[C@@H](C1)[N@H+](C)CCc1ccc(c(c1)OC)OC	ZINC72147451
Cc1nccc(n1)N1CCC[C@H](C1)[N@H+](C)CCc1ccc(c(c1)OC)OC	ZINC72147452
Cc1c(ncnc1N1CCC[C@@H](C1)[N@H+](C)CCc1ccc(c(c1)OC)OC)C	ZINC72174106
Cc1c(ncnc1N1CCC[C@H](C1)[N@H+](C)CCc1ccc(c(c1)OC)OC)C	ZINC72174107
COCCCNC(=O)[C@@H]1CCC(=O)N1Cc1ccco1	ZINC72239616
COCCCNC(=O)[C@H]1CCC(=O)N1Cc1ccco1	ZINC72239617
C[C@@H](CCc1ccccc1)NC(=O)Cn1c2c3ccccc3oc2c(=O)n(c1=O)CC(=O)NC1CCCC1	ZINC72332050
C[C@H](CCc1ccccc1)NC(=O)Cn1c2c3ccccc3oc2c(=O)n(c1=O)CC(=O)NC1CCCC1	ZINC72332051
CCC(=O)N1CCC(CC1)c1nc(c2c(n1)n(c(=O)[nH]2)c1cccc(c1)OC)C(=O)N	ZINC72342865
CC[NH+]1CCN(CC1)c1[nH]c(=O)c2c(ccnc2n1)c1c(cc(oc1=O)C)[O-]	ZINC72441076
CC(C)(C)CCCCNC(=O)[C@@H]1C[C@@H](CN1C(=O)OC(C)(C)C)O	ZINC73389715
CC(C)(C)CCCCNC(=O)[C@H]1C[C@@H](CN1C(=O)OC(C)(C)C)O	ZINC73389718
CC(C)(C)CCCCNC(=O)[C@@H]1C[C@H](CN1C(=O)OC(C)(C)C)O	ZINC73389720
CC(C)(C)CCCCNC(=O)[C@H]1C[C@H](CN1C(=O)OC(C)(C)C)O	ZINC73389722
CC(C)(C)CCCNC(=O)[C@@H]1C[C@@H](CN1C(=O)OC(C)(C)C)O	ZINC73905453
CC(C)(C)CCCNC(=O)[C@H]1C[C@@H](CN1C(=O)OC(C)(C)C)O	ZINC73905457
CC(C)(C)CCCNC(=O)[C@@H]1C[C@H](CN1C(=O)OC(C)(C)C)O	ZINC73905461
CC(C)(C)CCCNC(=O)[C@H]1C[C@H](CN1C(=O)OC(C)(C)C)O	ZINC73905463
c1[nH]c(=O)c2c(n1)nc(n2[C@@H]1[C@@H]([C@@H]([C@@H](O1)CO)O)O)N1CCCCC1	ZINC75260902
c1[nH]c(=O)c2c(n1)nc(n2[C@H]1[C@@H]([C@@H]([C@@H](O1)CO)O)O)N1CCCCC1	ZINC75260903
c1[nH]c(=O)c2c(n1)nc(n2[C@@H]1[C@H]([C@@H]([C@@H](O1)CO)O)O)N1CCCCC1	ZINC75260904
c1[nH]c(=O)c2c(n1)nc(n2[C@H]1[C@H]([C@@H]([C@@H](O1)CO)O)O)N1CCCCC1	ZINC75260905
C[C@@H]1CCCN1C(=O)CCN1C[C@@H](C[C@H]1C(=O)OC)O	ZINC75719115
C[C@H]1CCCN1C(=O)CCN1C[C@@H](C[C@H]1C(=O)OC)O	ZINC75719116
C[C@@H]1CCC[C@@H](C1)C(=O)Oc1cccc(c1)NC(=O)CN1CCCC1=O	ZINC76841236
C[C@H]1CCC[C@@H](C1)C(=O)Oc1cccc(c1)NC(=O)CN1CCCC1=O	ZINC76841243
C[C@@H]1CCC[C@H](C1)C(=O)Oc1cccc(c1)NC(=O)CN1CCCC1=O	ZINC76841247
C[C@H]1CCC[C@H](C1)C(=O)Oc1cccc(c1)NC(=O)CN1CCCC1=O	ZINC76841251
CCC(=O)Nc1ccc(c(c1)C(=O)NCCc1nc2ccccc2n1C)O	ZINC77009330
Cc1cc(cnc1)C(=O)Nc1ccccc1C[NH+]1CCCC1	ZINC79542586
COC(=O)C[N@H+](C[C@@H](CN1CCCC1=O)O)C1CC1	ZINC79767354
COC(=O)C[N@@H+](C[C@H](CN1CCCC1=O)O)C1CC1	ZINC79767355
COC(=O)N1CCC[C@@H]1C(=O)NC[C@@H]1CCC[C@@H]1O	ZINC80971908
COC(=O)N1CCC[C@H]1C(=O)NC[C@@H]1CCC[C@@H]1O	ZINC80971913
COC(=O)N1CCC[C@@H]1C(=O)NC[C@H]1CCC[C@@H]1O	ZINC80971916
COC(=O)N1CCC[C@H]1C(=O)NC[C@H]1CCC[C@@H]1O	ZINC80971921
CC(C)CCCNC(=O)[C@@H]1C[C@@H](CN1C(=O)OC(C)(C)C)O	ZINC80989024
CC(C)CCCNC(=O)[C@H]1C[C@@H](CN1C(=O)OC(C)(C)C)O	ZINC80989025
CC(C)CCCNC(=O)[C@@H]1C[C@H](CN1C(=O)OC(C)(C)C)O	ZINC80989027
CC(C)CCCNC(=O)[C@H]1C[C@H](CN1C(=O)OC(C)(C)C)O	ZINC80989030
CC(C)CCCCNC(=O)[C@@H]1C[C@@H](CN1C(=O)OC(C)(C)C)O	ZINC81436201
CC(C)CCCCNC(=O)[C@H]1C[C@@H](CN1C(=O)OC(C)(C)C)O	ZINC81436204
CC(C)CCCCNC(=O)[C@@H]1C[C@H](CN1C(=O)OC(C)(C)C)O	ZINC81436205
CC(C)CCCCNC(=O)[C@H]1C[C@H](CN1C(=O)OC(C)(C)C)O	ZINC81436207
CC(C)COC[C@@H](CNC(=O)[C@@H](C(C)C)N1CCCC1=O)O	ZINC81849675
CC(C)COC[C@H](CNC(=O)[C@@H](C(C)C)N1CCCC1=O)O	ZINC81849680
CC(C)COC[C@@H](CNC(=O)[C@H](C(C)C)N1CCCC1=O)O	ZINC81849685
CC(C)COC[C@H](CNC(=O)[C@H](C(C)C)N1CCCC1=O)O	ZINC81849689
CC[C@@H](C(=O)NC[C@@H](COCC1CC1)O)N1CCCC1=O	ZINC81864515
CC[C@@H](C(=O)NC[C@H](COCC1CC1)O)N1CCCC1=O	ZINC81864519
CC[C@H](C(=O)NC[C@H](COCC1CC1)O)N1CCCC1=O	ZINC81864521
CCOC(=O)C[N@H+](C[C@@H](CN1CCCC1=O)O)C1CCCC1	ZINC83688862
CCOC(=O)C[N@@H+](C[C@H](CN1CCCC1=O)O)C1CCCC1	ZINC83688865
COCC[NH2+]CC(=O)N1CC[C@@H](C1)O	ZINC86158253
COCC[NH2+]CC(=O)N1CC[C@H](C1)O	ZINC86158254
CC(=O)NCCC(=O)N1C[C@H]([C@H](C1)O)O	ZINC86330774
COCCCNC(=O)C[N@H+]1C[C@H]([C@H](C1)O)O	ZINC86331503
C[C@@H](CCCO)NC(=O)CN1CCCC1=O	ZINC87360737
C[C@H](CCCO)NC(=O)CN1CCCC1=O	ZINC87360738
COC(=O)[C@@H]1C[C@H](C[N@H+]1CCCNC(=O)C1CCCC1)O	ZINC88510547
C[C@@H]1CCN(C[C@@H]1O)C(=O)[C@@H](Cc1cccc(c1)OC)NC(=O)C	ZINC89402461
C[C@H]1CCN(C[C@@H]1O)C(=O)[C@@H](Cc1cccc(c1)OC)NC(=O)C	ZINC89402463
C[C@@H]1CCN(C[C@H]1O)C(=O)[C@@H](Cc1cccc(c1)OC)NC(=O)C	ZINC89402464
C[C@H]1CCN(C[C@H]1O)C(=O)[C@@H](Cc1cccc(c1)OC)NC(=O)C	ZINC89402466
Cc1ccc(cc1)N1CC[C@@H](C1=O)N[C@@H]1CC[N@H+](CC1)Cc1cccnc1	ZINC90100881
Cc1ccc(cc1)N1CC[C@H](C1=O)N[C@@H]1CC[N@H+](CC1)Cc1cccnc1	ZINC90100884
C[C@@H]1C[C@@H](C(=O)N1c1ccccc1)N[C@@H]1CC[N@H+](CC1)Cc1cccnc1	ZINC90115427
C[C@H]1C[C@@H](C(=O)N1c1ccccc1)N[C@@H]1CC[N@H+](CC1)Cc1cccnc1	ZINC90115428
C[C@@H]1C[C@H](C(=O)N1c1ccccc1)N[C@@H]1CC[N@H+](CC1)Cc1cccnc1	ZINC90115429
C[C@H]1C[C@H](C(=O)N1c1ccccc1)N[C@@H]1CC[N@H+](CC1)Cc1cccnc1	ZINC90115430
C[C@@H]1C[C@@H](C(=O)N1c1ccccc1)N[C@@H]1CC[N@H+](CC1)Cc1ccncc1	ZINC90115663
C[C@H]1C[C@@H](C(=O)N1c1ccccc1)N[C@@H]1CC[N@H+](CC1)Cc1ccncc1	ZINC90115664
C[C@@H]1C[C@H](C(=O)N1c1ccccc1)N[C@@H]1CC[N@H+](CC1)Cc1ccncc1	ZINC90115665
C[C@H]1C[C@H](C(=O)N1c1ccccc1)N[C@@H]1CC[N@H+](CC1)Cc1ccncc1	ZINC90115666
C[C@@H]1C[C@@H](C(=O)N1c1ccccc1)N[C@H]1CC[N@@H+](CC1)Cc1ccccn1	ZINC90115703
C[C@H]1C[C@@H](C(=O)N1c1ccccc1)N[C@@H]1CC[N@H+](CC1)Cc1ccccn1	ZINC90115704
C[C@@H]1C[C@H](C(=O)N1c1ccccc1)N[C@@H]1CC[N@H+](CC1)Cc1ccccn1	ZINC90115705
CCn1ccnc(c1=O)NC[C@@H]1CC[N@H+]([C@@H]1c1ccc(c(c1)F)Cl)C	ZINC91017201
CCn1ccnc(c1=O)NC[C@H]1CC[N@H+]([C@@H]1c1ccc(c(c1)F)Cl)C	ZINC91017204
c1cnc2nc(cn2c1)CNC(=O)[C@@H]1CCC[N@@H+](C1)CC(=O)N	ZINC91895597
c1cnc2nc(cn2c1)CNC(=O)[C@H]1CCC[N@H+](C1)CC(=O)N	ZINC91895600
C[C@@H](CCC(=O)N[C@@H](C)CN1CCCC1=O)O	ZINC92154260
C[C@H](CCC(=O)N[C@@H](C)CN1CCCC1=O)O	ZINC92154262
C[C@@H](CCC(=O)N[C@H](C)CN1CCCC1=O)O	ZINC92154263
C[C@H](CCC(=O)N[C@H](C)CN1CCCC1=O)O	ZINC92154264
C[C@@H](CCC(=O)N1C[C@@H](C[C@@H]1C(=O)N)O)O	ZINC92154542
C[C@H](CCC(=O)N1C[C@@H](C[C@@H]1C(=O)N)O)O	ZINC92154544
C[C@@H](CCC(=O)N1C[C@H](C[C@@H]1C(=O)N)O)O	ZINC92154549
C[C@H](CCC(=O)N1C[C@H](C[C@@H]1C(=O)N)O)O	ZINC92154551
C[C@@H]1[C@@H](CC(=O)N1Cc1ccccc1)[NH2+]CCCNc1ncccn1	ZINC92191750
C[C@H]1[C@@H](CC(=O)N1Cc1ccccc1)[NH2+]CCCNc1ncccn1	ZINC92191753
C[C@@H]1[C@H](CC(=O)N1Cc1ccccc1)[NH2+]CCCNc1ncccn1	ZINC92191757
C[C@H]1[C@H](CC(=O)N1Cc1ccccc1)[NH2+]CCCNc1ncccn1	ZINC92191759
COCC[NH2+]CC(=O)N1C[C@@H](C[C@@H]1C(=O)N)O	ZINC92496041
COCC[NH2+]CC(=O)N1C[C@H](C[C@@H]1C(=O)N)O	ZINC92496042
COCC[NH2+]CC(=O)N1C[C@@H](C[C@H]1C(=O)N)O	ZINC92496043
COCC[NH2+]CC(=O)N1C[C@H](C[C@H]1C(=O)N)O	ZINC92496044
COCC[NH2+]CC(=O)N1C[C@@H](C[C@@H]1C(=O)[O-])O	ZINC92509215
COCC[NH2+]CC(=O)N1C[C@H](C[C@@H]1C(=O)[O-])O	ZINC92509217
COCC[NH2+]CC(=O)N1C[C@@H](C[C@H]1C(=O)[O-])O	ZINC92509219
COCC[NH2+]CC(=O)N1C[C@H](C[C@H]1C(=O)[O-])O	ZINC92509222
Cc1cc(nc(n1)C)N1CCN(CC1)Cc1ccccc1OCCOC	ZINC92703864
CC(=O)NCCCCCC(=O)N1C[C@H]([C@H](C1)O)O	ZINC93088236
CC(=O)NCCNC(=O)C[N@H+]1C[C@H]([C@H](C1)O)O	ZINC93091987
COC(=O)CCCNC(=O)C[N@H+]1C[C@H]([C@H](C1)O)O	ZINC93092066
CCOC(=O)CCCNC(=O)C[N@H+]1C[C@H]([C@H](C1)O)O	ZINC93092431
C[C@@H]1CCCC[C@@H]1NC(=O)C[N@H+]1C[C@H]([C@H](C1)O)O	ZINC93092827
C[C@H]1CCCC[C@@H]1NC(=O)C[N@H+]1C[C@H]([C@H](C1)O)O	ZINC93092829
C[C@@H]1CCCC[C@H]1NC(=O)C[N@H+]1C[C@H]([C@H](C1)O)O	ZINC93092830
C[C@H]1CCCC[C@H]1NC(=O)C[N@H+]1C[C@H]([C@H](C1)O)O	ZINC93092832
C[C@@H]1CC[N@H+](C[C@@H]1O)CC(=O)NCCC(=O)OC	ZINC93334127
C[C@H]1CC[N@@H+](C[C@@H]1O)CC(=O)NCCC(=O)OC	ZINC93334128
c1ccc(cc1)N1CC[C@@H](C1=O)N1CC[N@@H+](CC1)Cc1cc[nH]c1	ZINC93363577
c1ccc(cc1)N1CC[C@H](C1=O)N1CC[N@H+](CC1)Cc1cc[nH]c1	ZINC93363578
COCCCNC(=O)C[N@H+]1CCC[C@@H]1[C@@H]1CCCC1=O	ZINC93450404
COCCCNC(=O)C[N@@H+]1CCC[C@H]1[C@@H]1CCCC1=O	ZINC93450405
Cc1cnc(cn1)C(=O)Nc1cccc(c1)CC[NH+]1CCCC1	ZINC94122403
CC[C@@H]1C(=O)NCCN1c1[nH]c2ccc(cc2[nH+]1)N	ZINC94771013
CC[C@H]1C(=O)NCCN1c1[nH]c2ccc(cc2[nH+]1)N	ZINC94771014
C[C@@H](CCCO)NC(=O)[C@@H]1CC(=O)N(C1)CCOC	ZINC94945301
C[C@H](CCCO)NC(=O)[C@@H]1CC(=O)N(C1)CCOC	ZINC94945302
C[C@@H](CCCO)NC(=O)[C@H]1CC(=O)N(C1)CCOC	ZINC94945303
C[C@H](CCCO)NC(=O)[C@H]1CC(=O)N(C1)CCOC	ZINC94945304
CC[C@@H](CCO)CNC(=O)[C@@H]1CC(=O)N(C1)CCOC	ZINC94959797
CC[C@H](CCO)CNC(=O)[C@@H]1CC(=O)N(C1)CCOC	ZINC94959798
CC[C@@H](CCO)CNC(=O)[C@H]1CC(=O)N(C1)CCOC	ZINC94959799
CC[C@H](CCO)CNC(=O)[C@H]1CC(=O)N(C1)CCOC	ZINC94959800
COC(=O)CCN1CC[C@@H](C1=O)NC(=O)CCc1cccc(c1)OC1CCCC1	ZINC95452217
COC(=O)CCN1CC[C@H](C1=O)NC(=O)CCc1cccc(c1)OC1CCCC1	ZINC95452218
